Tract (Group 1)	risk_indicator
10001041200	1
10001041801	1
10001041802	1
10001042500	1
10001043000	1
10003001500	1
10003002200	1
10003002300	1
10003002600	1
10003012700	1
10003013700	3
10003014703	1
10003016604	1
10005050602	1
10005051701	1
10005051802	1
1001020801	1
1003010300	1
1003010703	1
1003010904	1
1003011000	1
1003011201	1
1005950400	1
1009050101	1
1009050400	1
1013952800	1
1015000500	1
1015000700	1
1015001201	1
1015001600	2
1015001800	0
1015002000	1
1021060300	1
1021060402	2
1025957602	1
1029959600	1
1031010500	2
1031010700	1
1031011100	1
1031011202	2
1031011300	1
1033020200	1
1033020500	1
1033020600	1
1039961800	1
1039962000	1
1039962100	1
1041963700	2
1043964300	1
1043964400	1
1043964600	2
1043964800	1
1045020300	1
1045021101	1
1045021300	1
1045021400	1
1047956100	2
1047956600	1
1049960700	1
1049960800	1
1049961300	1
1049961400	1
1051030400	1
1051030500	1
1053969800	1
1053970300	1
1053970400	1
1053970500	1
1053970600	1
1055000300	1
1055000400	1
1055010100	1
1055010800	1
1057020000	2
1061050600	1
1065040000	1
1065040200	1
1065040400	0
1067030200	1
1069040301	1
1069040700	1
1069041500	1
1069041700	1
1071950600	1
1071950800	1
1071951100	1
1073000400	1
1073000800	4
1073001200	2
1073001500	1
1073001902	1
1073002200	1
1073003200	1
1073003300	0
1073004000	2
1073005903	1
1073005907	1
1073010001	1
1073010200	1
1073010301	2
1073010302	1
1073010401	1
1073010602	2
1073010701	1
1073011001	1
1073011706	1
1073012103	1
1073012302	2
1073012403	1
1073014102	1
1075030100	1
1077011000	2
1077011200	1
1077011400	2
1077011802	1
1079979500	1
1079979600	1
1081040300	1
1081041600	1
1081042101	1
1083020401	1
1083020600	1
1083020801	1
1085781200	3
1087231603	1
1089000301	0
1089000302	2
1089000502	1
1089001500	1
1089002911	1
1089010100	1
1089010302	1
1089010402	2
1089010501	1
1089010502	1
1089010702	0
1089010800	0
1089011011	0
1089011300	1
1091972900	1
1091973100	5
1093964700	0
1095030202	1
1095030600	0
1095030702	2
1095030904	2
1095031100	1
1097001002	0
1097001100	1
1097003402	1
1097005800	1
1097005900	1
1097006702	1
1097006802	2
1097007101	1
1099075800	1
1099075900	2
11001002702	1
11001003301	0
11001003302	1
11001006801	1
11001006900	0
11001007707	2
11001007803	1
11001008904	1
11001009201	1
11001009203	1
11001009301	1
11001009904	1
11001010400	1
1101000400	1
1101001100	2
1101002202	1
1101002900	1
1101003000	1
1101003301	1
1101006000	1
1103000100	1
1103000600	1
1103005107	2
1103005301	1
1103005303	1
1103005600	1
1109188900	1
1109189000	1
1109189100	1
1111000400	3
1113030200	1
1115040201	1
1115040203	1
1115040401	1
1115040402	1
1117030102	1
1117030605	1
1117030704	1
1119011300	1
1119011500	1
1123962300	1
1123962600	1
1125010303	1
1125010500	1
1125010702	1
1125010803	1
1125011701	1
1125011902	1
1125012700	1
1127020600	1
1127021000	1
1127021100	1
1127021200	1
1127021400	1
1127021700	1
1127021900	0
1129044200	1
1131034700	2
1131034800	1
1131035100	1
1131035200	1
1133965503	1
12001000600	1
12001000700	2
12001002209	0
12001002210	1
12005000201	2
12005000500	2
12005002608	1
12005002703	0
12007000100	1
12007000200	1
12009060700	1
12009062301	1
12009062302	1
12009064127	1
12009064302	1
12009071334	1
12009071340	1
12011010702	4
12011020302	1
12011030402	1
12011030600	1
12011040702	1
12011040802	1
12011043002	0
12011050312	1
12011050602	2
12011060107	1
12011060116	0
12011060128	1
12011060303	2
12011060401	1
12011070305	1
12011070312	1
12011091701	1
12011110333	0
12015020501	1
12015021001	1
12017450500	1
12019030304	1
12019030500	1
12019030904	1
12019031400	1
12021010412	1
12021010413	1
12021010903	1
12023110700	1
12023110903	2
12029970102	1
12031000600	1
12031001000	1
12031001500	1
12031001600	1
12031002702	1
12031002801	1
12031002802	1
12031002901	1
12031010800	1
12031011000	1
12031011100	1
12031011300	1
12031011400	1
12031011700	1
12031011901	1
12031012200	1
12031012602	2
12031012704	1
12031012900	1
12031014204	1
12031014413	1
12031016100	1
12031016604	1
12033001104	1
12033001700	1
12033001800	3
12033002704	1
12033002900	1
12033003000	3
12033003203	1
12033003507	2
12033003614	1
12037970302	1
12039020600	1
12039020702	1
12041950203	1
12045960200	2
12051000300	1
12053040202	1
12053040801	1
12053040905	1
12053041204	1
12055960102	1
12055960200	0
12055960601	1
12055961301	1
12057000401	1
12057003500	1
12057007103	1
12057010805	2
12057011902	1
12057011906	1
12057012002	1
12057012103	1
12057012104	2
12057012301	1
12057012402	1
12057013003	1
12057013307	1
12057013314	1
12057014007	1
12063210600	2
12063210700	1
12063210900	1
12065250101	1
12065250200	1
12069030104	1
12069030203	1
12069030914	2
12069031103	1
12069031204	1
12069031205	1
12071000301	1
12071000401	1
12071000700	1
12071001101	1
12071001701	2
12071010305	2
12071020300	1
12071020600	1
12071040207	1
12071040305	1
12071040311	1
12073000901	1
12073001101	1
12073001402	3
12073001802	1
12073001902	1
12073002207	0
12073002302	1
12073002603	1
12075970102	0
12075970400	2
12077950100	1
12077950200	1
12079110200	1
12079110301	1
12081000201	1
12081000305	1
12081000407	1
12081001914	1
12083000501	1
12083000601	1
12083000701	1
12083001103	1
12083002302	1
12085001801	1
12086000120	0
12086000206	1
12086000220	1
12086000607	1
12086001002	4
12086001802	2
12086001904	2
12086002300	1
12086002404	1
12086003702	7
12086004405	1
12086007604	1
12086008308	1
12086008410	1
12086008701	1
12086009600	1
12086009904	1
12086009905	1
12086010009	1
12086010011	1
12086010207	3
12086010208	1
12086010604	1
12086011403	1
12086011600	1
12086012700	1
12086013100	1
12086020200	1
12087972000	1
12089050303	1
12091020100	1
12091021102	1
12091022100	1
12091022400	1
12091022500	1
12091022600	1
12093910401	1
12093910500	1
12093910601	1
12095010500	2
12095012000	1
12095014400	1
12095014605	1
12095014813	1
12095015104	1
12095016713	1
12095016907	1
12095018200	3
12095018500	1
12097042300	1
12097043500	1
12097043800	1
12099000803	1
12099001200	1
12099001301	0
12099001403	1
12099002900	1
12099003000	1
12099004903	1
12099005000	1
12099006100	8
12099007750	3
12099007817	1
12099007912	1
12099008002	1
12099008201	2
12099008202	4
12099008203	1
12101030502	1
12101031203	1
12101031302	1
12101031806	0
12101032008	1
12101032103	1
12101032200	1
12103021200	0
12103021800	1
12103022100	1
12103022700	1
12103022901	1
12103023100	1
12103024100	1
12103024403	2
12103024703	1
12103024803	1
12103025204	1
12103025505	2
12103025602	1
12103026300	1
12105010702	1
12105011501	1
12105012303	1
12105012305	1
12105012502	1
12105012601	1
12105012700	1
12105012804	1
12105013101	0
12105013102	1
12105013902	0
12105014124	4
12105014301	2
12105014502	1
12105014702	1
12105014902	1
12105015200	0
12105015600	2
12105015701	1
12105016003	1
12107950202	1
12107950800	1
12109020901	0
12109021003	0
12109021103	3
12111380500	1
12111380901	1
12111382113	1
12113010300	1
12115000101	1
12115000102	1
12115000300	1
12115001101	1
12115001102	1
12115001201	1
12115001506	1
12115002721	1
12117020201	2
12117020401	2
12117020500	1
12117020806	1
12117021201	1
12117021707	2
12121970100	1
12127081000	1
12127081300	1
12127083006	1
12127083008	1
12127090804	1
12127091013	1
12127091016	1
12127091020	1
12129010100	0
12131950102	1
13001950100	1
13001950200	1
13001950300	1
13003960200	1
13005970201	1
13011970100	1
13011970300	1
13013180104	1
13013180402	1
13013180503	1
13017960400	2
13021010100	0
13021010800	1
13021011701	1
13021011800	1
13021012300	1
13021012500	1
13021012600	1
13021012700	1
13021012800	2
13021013302	1
13021013504	1
13021013605	1
13021013800	1
13023790200	1
13025960200	1
13027960400	1
13029920102	1
13031110401	1
13031110700	1
13035150200	1
13035150300	1
13039010100	1
13043950100	4
13043950200	1
13045910501	1
13045910701	1
13045910703	1
13047030402	1
13047030600	1
13047030700	1
13049010100	2
13051000601	1
13051001100	2
13051002700	3
13051003302	2
13051003601	2
13051003700	1
13051010102	2
13051010807	1
13051010809	1
13051011300	3
13055010400	1
13057090601	1
13057090602	1
13059130700	1
13059140600	1
13063040308	4
13063040409	1
13063040415	6
13063040515	3
13063040524	1
13063040525	1
13063040611	1
13063040612	1
13063040616	1
13065970100	1
13067030504	1
13067030904	1
13067031309	2
13067031409	1
13069010700	1
13071970100	1
13071970300	1
13071970800	1
13073030202	2
13073030506	1
13077170305	0
13079070100	1
13079070202	1
13083040200	1
13085970201	1
13089020500	1
13089021806	1
13089021908	1
13089021910	0
13089021911	1
13089022007	1
13089023101	1
13089023107	1
13089023206	1
13089023208	1
13089023209	1
13089023309	1
13089023314	1
13089023315	1
13089023410	3
13089023419	1
13089023423	1
13089023501	1
13089023601	1
13089023802	1
13091960200	2
13095000800	1
13095001100	1
13095001403	1
13095001500	1
13095011400	1
13097080103	1
13097080202	1
13099090400	2
13105000100	1
13105000400	2
13105000500	1
13107970300	1
13107970400	1
13109970100	1
13109970300	1
13111050200	1
13113140207	1
13113140406	2
13115001600	2
13117130104	1
13119890400	1
13121001300	2
13121002400	1
13121002500	0
13121005200	1
13121005300	1
13121005501	1
13121005502	1
13121005700	1
13121006200	0
13121007705	5
13121007802	1
13121007806	1
13121008500	0
13121010113	0
13121010205	0
13121010301	0
13121010303	1
13121010510	1
13121010514	2
13121010601	3
13121011000	0
13121011301	1
13121011303	1
13123080400	1
13123080500	1
13127000401	2
13127000900	1
13127001000	1
13129970300	1
13129970700	1
13129970800	1
13135050220	1
13135050311	1
13135050313	0
13135050318	1
13135050419	1
13135050520	0
13135050729	1
13137000202	1
13139000201	1
13139000204	1
13139000302	2
13139000304	1
13139000702	1
13139001003	1
13139001403	1
13139001501	1
13139001603	1
13141480300	2
13143010200	1
13145120198	1
13151070110	1
13151070306	1
13151070311	1
13151070402	1
13151070403	1
13153020108	1
13153021201	1
13157010101	1
13163960100	2
13163960300	1
13165960100	3
13169030104	1
13169030200	1
13173950200	1
13175950202	0
13175950400	1
13175950600	1
13175950800	2
13177020100	1
13179010207	1
13181970100	2
13185010401	1
13185010604	1
13185011402	1
13185011403	0
13187960102	3
13189950200	1
13189950400	1
13193000400	2
13195020500	1
13199970500	1
13199970700	1
13201950200	1
13205090400	1
13205090500	0
13207050102	1
13207050200	2
13213010400	1
13213010500	1
13213010700	0
13215002700	1
13215003000	4
13215010605	1
13215010607	1
13215010703	0
13215011200	1
13215011500	2
13217100400	2
13217100700	2
13223120302	1
13223120503	2
13225040301	2
13227050200	1
13227050600	1
13233010400	2
13237960202	2
13245000700	1
13245001300	1
13245001500	1
13245010101	0
13245010504	1
13245010507	1
13245010510	1
13245010512	1
13245010600	1
13245010707	1
13245010710	1
13245010904	1
13247060304	1
13247060309	1
13247060404	1
13247060407	1
13249960100	1
13251970500	1
13255160400	1
13255160700	1
13257970301	2
13259950400	1
13261950300	1
13261950400	1
13261950800	1
13267950201	1
13269950300	2
13277960500	2
13277960600	2
13277960700	1
13279970100	1
13281960300	1
13285961000	1
13293010400	1
13293010500	3
13293010600	2
13295020100	1
13295020200	1
13295020501	1
13295020700	2
13295020901	1
13297110700	1
13299950200	1
13299950800	2
13307960200	1
13311950300	2
13313000400	4
13315960400	2
13319960300	1
15001020300	6
15001020500	2
15001021005	1
15003002005	1
15003008907	1
15003009801	1
15003010504	1
16001000304	1
16001000500	2
16001000600	1
16001000701	2
16001001700	3
16009950100	1
16011950400	1
16017950200	1
16017950400	1
16017950500	1
16017950900	1
16019971100	1
16021970100	1
16027020402	1
16027021200	1
16027021600	3
16027021904	1
16035970100	1
16045960200	1
16047960100	1
16051960100	1
16053970400	1
16055000500	1
16055001400	1
16055001700	1
16075960200	1
16083001400	1
17001010200	1
17003957700	1
17003957800	1
17005951500	1
17011965300	1
17011965600	1
17017960400	1
17019005402	1
17019010400	2
17023060100	1
17025972100	1
17027900500	1
17031010501	1
17031071400	1
17031110100	1
17031130300	1
17031140302	3
17031160300	2
17031190402	7
17031191302	1
17031230600	3
17031242300	1
17031250800	1
17031251100	2
17031251300	0
17031251600	1
17031252000	1
17031252202	1
17031260700	2
17031292200	4
17031292500	1
17031301100	1
17031301801	1
17031390200	1
17031420700	1
17031460200	2
17031460700	1
17031480500	4
17031490300	1
17031490901	4
17031490902	1
17031491400	1
17031510300	1
17031530600	1
17031540102	1
17031560200	1
17031570400	2
17031580400	1
17031611000	2
17031611100	1
17031611200	1
17031630300	1
17031630500	3
17031660600	1
17031660700	1
17031670200	1
17031670500	1
17031671300	1
17031671500	3
17031680600	1
17031690500	1
17031690900	2
17031700401	1
17031730201	2
17031730400	1
17031730500	2
17031730700	1
17031804202	1
17031817200	1
17031819500	1
17031820104	1
17031821500	2
17031822000	1
17031824300	1
17031824800	2
17031826301	1
17031826800	1
17031827000	1
17031827100	3
17031827200	1
17031827500	1
17031829000	3
17031829700	1
17031829800	1
17031833900	1
17031835000	1
17031835100	2
17031835600	1
17031837300	1
17031837800	3
17031838800	0
17031840800	1
17031841400	2
17031841800	1
17031842100	1
17031842600	1
17031980000	4
17035972500	1
17037000500	0
17051950700	1
17055040200	1
17055040800	1
17055041000	1
17055041100	1
17057953300	0
17057953900	1
17077010600	1
17081050700	1
17083010100	1
17083010401	1
17085020100	2
17085020200	1
17097860400	1
17097860811	1
17097863202	1
17097863701	10
17099962200	1
17099963700	1
17099964100	2
17101881000	1
17101881100	1
17103000600	0
17103000900	1
17105960100	1
17107953200	1
17109011100	1
17111870605	3
17111870606	11
17111870904	2
17111871500	2
17115000200	2
17115000300	1
17115001100	1
17115002100	1
17115002904	1
17117956300	1
17117956800	1
17119400102	1
17119400600	1
17119401721	1
17119402100	1
17119402400	1
17123961300	1
17125956400	1
17125956500	1
17127970400	1
17131040100	1
17133600501	1
17137951500	1
17137951700	1
17137952200	1
17139977000	0
17139977100	1
17141961500	1
17143000200	3
17143000300	1
17143000500	1
17143001300	5
17143002100	1
17143003401	1
17143003800	1
17143004300	1
17143004400	1
17143004802	1
17143004902	1
17145030100	1
17145030400	1
17153971100	1
17161020300	1
17161021100	1
17161022600	1
17161023600	1
17163501100	4
17163501400	1
17163502200	2
17163502500	1
17163502800	2
17163502900	1
17163504302	1
17165955900	2
17167000900	2
17167002300	1
17167002600	0
17167003201	1
17169970100	1
17169970200	1
17177000400	1
17177000600	1
17177000700	1
17179020400	7
17179020600	1
17179021603	1
17179021701	1
17179021900	0
17181950400	1
17181950500	1
17183000300	1
17183010300	2
17183010500	1
17183010701	1
17183010800	1
17183011100	1
17183011200	2
17189950100	1
17195001600	6
17197880107	1
17197880702	1
17197881109	3
17197882400	1
17197882900	2
17197883605	3
17199020600	0
17201000700	1
17201001000	1
17201001100	19
17201001200	3
17201002200	1
17201002400	1
17201003200	1
17201003300	1
17201004001	1
18003001100	1
18003001300	1
18003001700	1
18003002800	1
18003003000	1
18003004000	1
18003004300	1
18003010500	2
18003010804	1
18003011202	1
18003011302	1
18003011604	35
18003011608	1
18003980002	1
18005010200	1
18005010300	1
18005010400	1
18005010500	1
18005010900	1
18005011000	1
18005011400	1
18005011500	2
18013974600	1
18019050303	1
18019050703	1
18019050904	1
18021040100	1
18021040600	1
18023950700	1
18023950800	1
18027954700	1
18031969200	1
18035001700	1
18035002000	1
18035002302	1
18035002800	1
18039001200	1
18039001601	1
18039002700	1
18043070700	1
18043070802	1
18045957600	1
18045958000	1
18053010800	1
18055955000	1
18055955400	1
18057110505	1
18057110600	3
18059410300	1
18061060200	1
18061060300	1
18061060400	1
18075963200	1
18079960400	1
18081610403	1
18083955000	1
18083955500	1
18085961800	1
18085962700	1
18089011400	1
18089011600	1
18089011700	1
18089012600	1
18089040100	1
18089041500	1
18091040900	1
18093950700	1
18093951300	1
18095000300	2
18095000400	1
18095000800	3
18095000900	7
18095001000	1
18095001400	1
18097310305	9
18097310312	1
18097320500	1
18097320902	13
18097322500	2
18097330202	1
18097330700	1
18097330803	1
18097330806	3
18097331000	1
18097340700	1
18097342500	1
18097342600	1
18097350800	1
18097352400	1
18097352800	1
18097354800	1
18097354900	8
18097356900	1
18097357200	2
18097357600	1
18097360101	1
18097360700	1
18097380402	3
18097380403	1
18097380501	1
18097390600	1
18097390700	2
18099020600	0
18101950200	1
18103952600	1
18103952700	1
18109510402	1
18117951500	1
18119955600	1
18119955800	1
18119955900	1
18121030300	1
18125954000	1
18125954100	3
18127050407	1
18131959100	1
18133956200	1
18135951400	1
18141002200	1
18141002700	0
18141003100	1
18141010200	3
18141011301	0
18141011305	1
18147953000	1
18149954200	2
18151971300	1
18153050100	2
18153050300	1
18157000400	1
18157001100	1
18157001200	3
18157001300	1
18157001502	0
18157011100	1
18163000100	1
18163002000	1
18163002100	1
18163003702	1
18163003804	1
18165020500	1
18167000300	2
18167000500	1
18167000600	2
18167001400	1
18167010500	1
18167011000	1
18167011200	1
18169102900	1
18173030100	1
18179040400	1
18181958200	2
18181958700	2
18183050700	0
19007950300	1
19009070100	1
19011960500	2
19013000800	1
19013001701	1
19013001702	1
19013002000	1
19013002603	1
19015020200	1
19015020300	1
19017004500	1
19023070100	0
19027960100	3
19031450500	1
19033950300	1
19033951000	1
19039960200	1
19043070300	1
19045000100	0
19055950100	2
19055950400	1
19061000600	2
19065080600	1
19069360100	1
19073080300	1
19077950200	1
19087970200	2
19099040200	1
19101090100	1
19103001400	1
19103010400	3
19105070500	1
19107080300	0
19113000203	1
19113000901	1
19113001002	1
19113001101	1
19113002700	1
19113002900	0
19121060200	1
19123950400	1
19123950700	1
19125030500	6
19131560300	1
19133960300	0
19135070100	1
19139050400	1
19139050700	1
19139050800	1
19153000400	1
19153000901	1
19153002700	1
19153010803	1
19161080300	1
19163010700	1
19163010900	2
19163012502	3
19169000900	1
19169010300	1
19169010600	1
19173180300	1
19175190300	1
19177950100	2
19179960900	1
19179961000	2
19179961100	1
19181020300	1
19181020900	1
19185070200	1
19187000500	1
19189680200	1
19191950400	0
19193000400	1
19193001000	1
20003953700	1
20005081600	1
20009971800	1
20013480700	1
20013480800	1
20015020700	1
20015020901	1
20029977200	0
20031966100	1
20035493100	1
20035494000	0
20037957300	0
20037957500	0
20037957600	0
20043020200	2
20051072800	1
20059954500	2
20073965600	1
20077961700	1
20079030100	1
20085082800	1
20091050200	1
20091052603	1
20091053508	1
20095961200	1
20099950200	1
20099950500	1
20099950700	1
20103070500	1
20103070900	1
20103071400	0
20107955100	2
20123176600	2
20125950100	0
20125950300	0
20125950400	0
20125950500	0
20125950700	0
20133951700	0
20133952000	0
20139010200	2
20139010500	1
20149000100	1
20149000400	1
20155000700	1
20155001000	1
20169001200	1
20173002200	1
20173003200	1
20173003700	1
20173005200	1
20173005600	1
20173005700	1
20173007000	0
20173007700	0
20173008200	1
20173008400	1
20173008900	1
20173010004	1
20173010200	1
20177000400	3
20177000600	2
20177000900	1
20177001000	1
20177001100	1
20177001300	1
20177001800	1
20177003100	2
20177003606	1
20191962100	1
20191962300	1
20191962600	1
2020000204	1
2020000701	2
2020000702	1
2020000901	1
2020001300	1
2020001500	1
2020001731	1
2020002303	3
2020002822	1
20209040900	1
20209041000	1
20209041300	1
20209041800	1
20209042300	0
20209043400	0
20209043904	1
20209044202	1
20209044500	1
20209045200	1
2090000400	2
2090000900	1
2090001500	1
2090001700	1
2090001900	1
21001970300	1
21007950100	1
21007950300	1
21013960100	1
21013960600	1
21025920100	1
21027960502	1
21029020800	1
21029021102	2
21033920200	1
21033920300	1
21035010200	1
21035010302	NA
21035010400	NA
21035010800	1
21037050500	2
21037050600	1
21037051101	1
21037051904	1
21045950400	1
21047200400	1
21047201000	1
21047201100	1
21047201200	1
21049020202	1
21051950100	1
21057950100	1
21059000400	1
21059000500	NA
21059001701	1
21059001800	NA
21065920300	1
21067000101	13
21067000300	1
21067001100	1
21067001300	1
21067002001	1
21067003803	1
21067003908	1
21067004104	1
21067004204	1
21067004208	1
21069920300	1
21071920400	2
21071920600	1
21073070500	1
21073070600	1
21073071000	0
21073071100	1
21075960100	0
21077960101	4
21079970200	1
21079970400	1
21085950300	1
21085950400	1
21085950600	1
21089040202	1
21089040502	1
21089040700	1
21093000100	1
21093001002	1
21093001402	1
21093001500	NA
21097950300	1
21099970200	2
21099970300	2
21099970500	1
2110000100	1
21101020601	1
21101020602	1
21103090400	1
21107970300	2
21107970400	1
21107970500	0
21107970600	1
21107970700	2
21107970800	1
21107971000	1
21111000200	3
21111000300	1
21111000400	1
21111001600	1
21111001700	1
21111002400	3
21111002800	1
21111004301	1
21111004600	1
21111009105	1
21111010901	1
21111011505	1
21111012204	1
21111012410	1
21111012503	1
21111012801	2
21113060200	1
21115960400	3
21115960500	2
21117060700	1
21117063606	1
21117063702	1
21117064600	1
21123960200	1
21125970900	1
21129950100	1
21129950200	1
21133950600	1
21137920200	2
21137920300	1
21137920400	1
21139040100	1
21141960300	1
21145031500	1
21151010600	NA
21151010702	NA
21151011000	NA
21151011100	2
21153970200	2
21155970700	NA
21157950100	1
21157950600	2
21159950100	2
21159950200	1
21161960300	NA
21163970500	1
21173920301	1
21175950400	1
21177960500	3
21177960600	1
21177960800	1
21179930301	NA
21179930302	NA
21179930303	NA
21179930700	0
21183920400	1
21187970200	2
21191930200	2
21191930300	3
21193970500	1
21195930100	1
21195931000	1
21195931100	1
21199930100	1
21199930900	1
21203950200	2
21205950200	1
21205950300	1
21209040301	3
21209040400	1
21209040602	1
21211040102	0
21211040200	2
21211040302	0
21211040501	1
21213970300	0
21219950200	1
2122000500	1
21221970300	1
21223100100	0
21225950100	1
21227010600	0
21229930100	1
21229930200	1
21231920400	1
21233960100	1
21233960200	1
21233960300	1
21233960400	2
21235920100	2
21235920300	1
21235920700	1
2150000300	1
2170000402	3
2170000701	1
2170001003	1
2170001202	1
2185000200	1
22001960500	1
22003950200	1
22003950300	0
22003950400	1
22005030101	1
22009030400	1
22009030900	1
22011960600	0
22015011105	0
22017021100	0
22017022100	0
22017022200	0
22017022300	0
22017022500	0
22017023500	0
22017023600	0
22017024301	0
22017024303	8
22017024601	0
22017024602	0
22017025200	1
22019000300	1
22019000900	1
22019001400	2
22019002201	1
22019002400	1
22019002600	1
22019003101	1
22025000200	1
22027950400	0
22029000100	1
22031950500	0
22031950700	0
22033000100	1
22033000200	1
22033000300	1
22033000500	1
22033000702	1
22033002400	3
22033003202	1
22033003400	1
22033003504	1
22033003506	1
22033003604	2
22033004009	1
22033004201	1
22033004205	1
22033004602	1
22033004700	2
22033005100	2
22035000100	1
22037951400	1
22037951502	1
22039950600	1
22039950700	0
22039950800	1
22043020200	1
22043020401	3
22045030400	1
22045030900	1
22045031000	1
22047952900	1
22047953000	1
22049970400	1
22051020101	1
22051020511	1
22051020512	1
22051023700	1
22051027000	1
22051027701	2
22051027806	1
22051027810	2
22055000200	1
22055000800	1
22055001100	0
22055001200	0
22055001300	1
22055001905	1
22055002102	1
22055002104	1
22057020702	1
22057021200	1
22057021800	1
22059970100	0
22059970300	1
22061960600	0
22061960800	0
22063040201	1
22063040202	1
22063040402	1
22063040500	2
22063040901	2
22067950100	1
22067950400	2
22071000400	1
22071000602	2
22071000603	1
22071000605	2
22071000606	1
22071000904	3
22071001401	1
22071001402	5
22071001720	1
22071001723	1
22071001724	1
22071001725	1
22071001737	1
22071001744	0
22071001748	1
22071001900	2
22071002700	0
22071003400	2
22071007200	2
22071010000	4
22073000700	1
22073000900	2
22073001500	1
22073005900	1
22073010604	1
22079010100	1
22079010500	1
22079011500	2
22079012000	2
22079012700	0
22079012900	1
22079013000	0
22079013200	2
22079013500	1
22081960300	0
22083970400	1
22087030204	1
22091951100	1
22091951200	2
22093040400	1
22093040600	1
22095070100	1
22095070200	1
22095070600	1
22097960700	1
22097961300	2
22097961600	0
22099020400	0
22099020600	1
22101040300	1
22101041200	1
22101041600	1
22103040803	2
22103041102	2
22103041204	1
22105953200	1
22105953300	1
22105953400	1
22105953600	1
22105953800	2
22105954200	1
22105954400	1
22105954800	1
22109000201	1
22109000500	2
22109000700	1
22109001300	1
22111960100	1
22115950200	1
22115950300	1
22115950800	2
22117950101	1
22117950200	2
22117950300	1
22117950400	1
22117950700	1
22117950900	2
22121020300	1
22123000100	1
2290000200	1
23001046000	0
23005000500	1
23005001700	1
23005001800	1
23005002001	1
23005002300	2
23005002900	4
23007971000	1
23011010100	1
23011010300	3
23017966500	8
23025966600	2
23025967000	1
23031006102	1
23031028002	2
23031030100	4
23031030202	0
23031038001	1
24001000400	2
24003706301	0
24003706600	1
24003730204	1
24003730401	5
24003730504	7
24003730601	1
24003731307	1
24003740500	1
24005401101	1
24005402406	2
24005403602	1
24005420702	1
24005491600	1
24011955600	1
24013507500	1
24013513001	1
24015030505	1
24015030506	1
24015030904	1
24015031400	1
24019970200	1
24021740200	1
24021751702	0
24021752802	0
24025302400	1
24025303300	1
24025304201	1
24027601105	1
24031700719	1
24031703214	2
24031703215	1
24031703301	1
24031703702	2
24031704000	1
24033801302	0
24033801600	1
24033801701	1
24033801801	1
24033801906	1
24033802001	4
24033803100	1
24033803508	10
24033803514	0
24033803527	1
24033804002	4
24033804200	1
24033804700	1
24033806601	1
24039930101	3
24041960400	1
24043000100	0
24043010200	0
24043010900	0
24045000100	2
24045000500	2
24045010102	1
24045010701	1
24047951000	1
24047951500	3
24510070200	2
24510080302	1
24510080600	1
24510080700	1
24510090100	1
24510100100	1
24510120500	1
24510130300	1
24510150100	1
24510150300	2
24510150400	1
24510150800	1
24510151200	3
24510151300	1
24510160100	1
24510160200	1
24510160400	2
24510160801	2
24510180100	1
24510180300	1
24510200500	2
24510250204	5
24510250205	1
24510250207	4
24510250401	1
24510260302	1
24510260404	1
24510260800	1
24510261000	1
24510271002	1
24510271801	2
24510271802	4
24510271900	4
24510272003	3
24510272007	2
24510280302	1
24510280500	1
25001012101	1
25001012602	1
25001013100	0
25001015300	0
25003900100	2
25003900200	1
25003926100	1
25005610203	1
25005612100	1
25005614101	1
25005631100	1
25005640200	1
25005640400	1
25005642100	1
25009206500	2
25009206600	5
25009206700	4
25009208400	1
25009210700	1
25009221600	0
25009250700	1
25009250900	1
25009251300	1
25009251600	1
25009252300	2
25009260700	0
25009260800	1
25009260900	2
25009261102	1
25013800300	1
25013800600	4
25013801603	1
25013801700	4
25013801800	1
25017325100	1
25017331101	1
25017351100	2
25017359300	2
25017386100	0
25021403500	1
25021414100	0
25021418002	1
25021420301	1
25023502101	2
25023508200	1
25023511100	1
25023522102	1
25023530200	1
25025010203	3
25025020200	4
25025050101	1
25025050200	3
25025060301	3
25025090200	1
25025091700	2
25025091800	1
25025091900	5
25025092000	1
25025092101	2
25025980700	1
25027709502	0
25027709600	5
25027731204	1
25027732203	2
25027732802	1
25027735100	2
25027744200	1
25027752100	1
25027757100	2
26001970500	1
26005030401	0
26005030902	1
26005031000	2
26005031200	1
26005032401	0
26007000200	1
26009960700	0
26015010200	1
26015010401	1
26015011300	1
26017285300	1
26017286100	1
26017286200	1
26017286500	1
26017286600	1
26021000300	1
26021002000	0
26021010600	1
26023951100	1
26023951600	1
26025000200	3
26025000900	2
26025002800	1
26025002900	1
26025003100	3
26027001000	1
26027002100	1
26031960100	0
26031960400	0
26031960800	0
26035000300	1
26035000600	2
26037011001	1
26041970600	0
26045020202	1
26047970800	0
26049000100	1
26049000200	1
26049000400	1
26049000600	0
26049000700	1
26049000900	1
26049001500	1
26049001600	0
26049001700	1
26049002700	2
26049003200	1
26049003500	1
26049010115	1
26049010700	1
26049011209	5
26049011214	1
26049011710	1
26049012602	1
26049013202	1
26053950200	1
26057000100	1
26057000800	1
26061000500	1
26061000700	2
26063950500	1
26063950700	1
26063951000	1
26065005302	1
26065006302	1
26067030100	3
26067031300	1
26069000300	1
26071000300	1
26073000100	2
26073000200	1
26073940500	1
26075001200	1
26075006500	1
26075006900	1
26077001100	1
26077001300	2
26077001502	8
26077001506	22
26077001801	1
26079950601	1
26081001300	1
26081001600	1
26081001700	1
26081001900	1
26081002700	1
26081003000	1
26081003900	1
26081014502	1
26081014602	1
26081014804	1
26085961100	1
26087337500	1
26091060402	1
26091061301	1
26093725100	3
26093732100	0
26093743700	0
26093744600	0
26095960100	1
26099218000	1
26099240700	1
26099247400	1
26099254000	2
26099254100	2
26099256200	1
26099256600	1
26105950400	1
26105950600	1
26105950700	1
26107960100	1
26109960100	2
26109960500	1
26113960300	1
26117970400	1
26117970500	2
26117970800	0
26117971100	1
26121001200	1
26121001402	1
26121002000	1
26121004000	1
26123970100	1
26123970700	1
26123971000	1
26125142400	1
26125142700	1
26125161000	1
26125166600	1
26125171400	5
26125175200	1
26127010400	NA
26129950200	1
26129950300	1
26129950500	1
26133970100	1
26137950300	1
26139025200	2
26141950400	1
26143970100	1
26143970200	1
26143970700	1
26145012500	1
26149040500	1
26149041400	1
26149041600	1
26151970400	2
26155030200	1
26155030600	1
26157000300	1
26157001100	1
26157001300	1
26161405600	1
26161410400	6
26161413000	2
26161414200	8
26161416200	1
26161444000	1
26163500600	1
26163500700	1
26163501100	2
26163501300	3
26163501400	1
26163501600	1
26163503300	1
26163503400	2
26163503900	1
26163504700	1
26163504800	1
26163505200	1
26163505400	1
26163505500	2
26163506500	1
26163506600	1
26163507000	2
26163507100	1
26163507400	1
26163507900	1
26163510500	1
26163511000	2
26163511400	3
26163511900	0
26163512100	1
26163512200	1
26163512900	1
26163513300	0
26163513600	1
26163513900	1
26163514200	1
26163515300	2
26163515900	2
26163516000	3
26163516300	1
26163516700	1
26163518500	2
26163522100	1
26163522200	7
26163523100	1
26163524000	1
26163525700	2
26163525800	1
26163527300	4
26163530100	1
26163530200	1
26163530300	1
26163530900	2
26163531200	1
26163531700	2
26163532600	1
26163533200	3
26163533300	2
26163533400	1
26163533600	3
26163533900	9
26163534500	1
26163534700	1
26163535200	2
26163535500	2
26163536100	2
26163536600	1
26163536800	1
26163537000	3
26163537300	1
26163537700	1
26163538600	0
26163540200	1
26163540900	1
26163541000	3
26163541100	2
26163541200	4
26163541700	1
26163541800	1
26163542400	1
26163543200	1
26163543500	1
26163543700	1
26163544200	1
26163545100	1
26163545900	1
26163546000	1
26163552200	1
26163553000	1
26163553100	1
26163559000	1
26163566900	1
26163567100	1
26163570500	2
26163571500	1
26163574202	1
26163577600	1
26163579200	1
26163581800	1
26163583100	1
26163585700	1
26163590600	1
26163985100	1
26165380500	1
26165380600	1
27001770400	1
27003050607	1
27003050901	1
27003051400	1
27017070300	1
27017070400	1
27017940000	1
27019091000	0
27021940002	1
27025110302	1
27027020100	1
27027030201	1
27037060741	6
27037060742	1
27039950400	1
27045960300	1
27053002200	1
27053008500	1
27053022901	1
27053024300	2
27053024802	1
27053025205	1
27053026103	1
27053026820	0
27053100800	0
27053101300	1
27053101600	1
27053102100	2
27053110100	1
27067781000	1
27081201001	1
27095170600	1
27097780300	2
27097780500	1
27097780800	1
27099000300	1
27099001000	1
27111960800	1
27111960900	1
27111961300	1
27111961700	1
27115950300	1
27115950500	1
27121970200	1
27123030400	1
27123031701	1
27123033200	1
27123035200	0
27123042101	2
27127750100	1
27129790600	1
27135970400	1
27137012400	1
27137012800	1
27137013900	1
27137015200	1
27145000302	1
27145001001	1
27157490400	1
27163070105	1
27163070106	1
27163070704	1
27169670800	1
27169670900	0
27171100801	1
27171101100	1
28001000300	0
28003950100	1
28003950500	1
28003950600	1
28005950100	1
28005950200	1
28005950300	0
28007060200	1
28007060400	1
28009950100	3
28011950100	1
28011950500	1
28013950400	1
28015950200	2
28017950100	1
28023950300	1
28029950100	1
28029950400	2
28029950500	1
28031950100	1
28031950300	1
28033070710	1
28035000500	0
28035010101	1
28037950100	1
28039950101	1
28043950200	1
28045030100	1
28045030200	3
28047001201	1
28047001202	1
28047001700	1
28047003000	1
28047003206	1
28047003505	1
28047003700	1
28049000400	1
28049000500	1
28049000600	2
28049000700	1
28049000800	1
28049001200	2
28049001900	1
28049002200	1
28049002400	1
28049002500	2
28049003300	1
28049003400	1
28049003700	1
28049010203	2
28049010500	1
28049010600	1
28049010809	1
28049010901	1
28049011103	1
28049011400	1
28051950500	1
28053950200	1
28057950200	1
28059040102	1
28059040201	0
28059040204	1
28059041800	2
28063950100	1
28067950100	2
28067950500	1
28073020100	1
28073020600	2
28075010400	1
28075010600	1
28077960200	2
28079040100	1
28081950302	2
28081950401	1
28081950402	1
28081950500	1
28081950901	1
28081951001	2
28085950200	1
28085950400	1
28085950500	1
28085950600	1
28087000101	1
28087000300	1
28087001100	1
28089030106	5
28089030203	1
28089030400	1
28089031000	1
28091950400	1
28093950401	1
28097950200	1
28099010100	2
28099010700	1
28103950100	1
28103950200	2
28105950200	1
28107950100	1
28107950300	2
28109950401	1
28109950700	1
28111950101	2
28111950200	3
28113950101	1
28113950200	1
28113950600	1
28113950700	1
28115950400	1
28115950500	2
28117950300	2
28121020209	1
28121020701	1
28121020802	2
28123020200	2
28123020300	2
28123020600	1
28127950100	2
28127950300	1
28131020202	1
28133950200	1
28133950402	1
28135950400	1
28139950400	2
28145950400	1
28145950600	1
28147950300	1
28149950600	1
28151000400	1
28151000600	2
28151000900	2
28151001600	2
28151002100	1
28155950200	1
28157950100	2
28159950200	3
28159950300	1
28159950500	1
29001950300	1
29001950400	1
29001950500	1
29001951000	1
29003010200	1
29005950100	1
29005950200	1
29007950500	1
29007950700	1
29011960100	1
29015460200	1
29015460800	1
29017950200	2
29019001504	2
29019001803	1
29021000400	1
29021001800	1
29021002200	1
29021002800	2
29023950100	1
29023950202	1
29023950300	1
29023950600	1
29025950200	1
29027070400	1
29027070600	2
29027070700	1
29027070800	1
29029950400	1
29031880200	1
29031880500	1
29031880700	1
29031880900	2
29033960200	1
29033960300	1
29037060004	1
29037061200	1
29037061300	1
29039870100	1
29043020305	1
29047020500	1
29047021103	1
29051010400	3
29051010701	1
29051010702	1
29053950200	1
29055450102	1
29055450200	1
29069360200	2
29069360500	2
29069360600	1
29069360800	1
29069361000	1
29071800402	1
29071800800	0
29079960200	1
29081950100	1
29083950600	1
29087960300	1
29089960200	0
29089960300	1
29091090100	1
29091090200	2
29091090300	1
29091090500	2
29091090600	3
29091090700	1
29095000900	1
29095001800	1
29095001900	2
29095002100	1
29095003800	1
29095005100	1
29095005601	1
29095006000	1
29095006300	1
29095006500	1
29095007700	3
29095007802	1
29095007900	1
29095008000	1
29095008100	1
29095008700	1
29095008900	1
29095009000	3
29095012100	1
29095012701	1
29095012802	1
29095013301	2
29095014114	1
29095015300	1
29095016600	4
29095016900	1
29095017800	2
29095017900	7
29095018000	1
29097010500	1
29097011500	1
29097011600	1
29097011900	1
29097012000	1
29099700107	0
29099700209	0
29099700304	0
29099700502	0
29099700503	0
29099701101	1
29099701401	0
29101960300	0
29101960600	1
29101960700	1
29103960200	1
29105960100	1
29105960298	0
29105960300	1
29105960600	1
29109470200	2
29109470300	1
29109470400	1
29109470500	1
29111970100	1
29113810202	1
29115490200	1
29119070100	1
29119070200	1
29123960100	1
29123960200	1
29127960800	1
29131962500	1
29133950200	1
29139970100	1
29139970400	1
29145020100	1
29145020300	1
29145020400	1
29145020601	2
29147470100	1
29149480100	1
29155470300	1
29157470400	1
29159480200	1
29159480600	1
29165030305	1
29167960100	1
29167960300	1
29167960400	1
29169470286	1
29169470287	1
29169470400	1
29175490200	2
29175490300	1
29179380100	1
29181870300	6
29181870400	2
29183310302	1
29183311150	1
29183311311	1
29183311602	1
29183311904	1
29183312205	1
29186960100	1
29187950101	1
29187950300	1
29189210100	1
29189210501	1
29189210502	0
29189210702	1
29189210921	1
29189211201	1
29189212002	2
29189212200	1
29189212500	1
29189213700	3
29189215102	1
29189215144	1
29189215900	1
29189219300	1
29189220601	1
29189220702	1
29195090100	1
29195090300	1
29195090500	1
29201780700	1
29201781000	1
29203470200	2
29205450200	1
29207470200	1
29209090100	1
29209090602	2
29211480100	1
29213480202	1
29213480401	1
29213480402	1
29213480501	0
29213480502	0
29215480100	1
29215480200	2
29217950300	1
29217950600	2
29221460400	2
29223690200	1
29225470201	1
29225470302	1
29229490200	1
29229490400	1
29510102100	1
29510105198	1
29510105500	1
29510106600	1
29510107200	1
29510107400	1
29510110100	2
29510110300	1
29510110400	1
29510111300	2
29510112200	1
29510116200	1
29510116302	2
29510116400	2
29510118100	1
29510120200	1
29510124100	2
29510126900	1
29510127100	1
29510127400	3
30001000200	1
30013001600	2
30013002200	1
30013010100	1
30029000602	1
30029000700	1
30031000702	1
30035940400	2
30041040500	1
30053000400	1
30081000600	1
30087940400	2
30089000200	1
30093000100	6
30095966400	1
30105940600	1
30111001501	1
30111001502	1
31001965400	1
31001966100	1
31001966200	1
31019969500	1
31025965900	0
31031955800	1
31045950700	1
31047968000	1
31053963600	3
31053963800	1
31053963900	1
31055000300	1
31055000500	1
31055004400	0
31055005902	1
31055006704	0
31055006903	2
31055007310	0
31055007436	1
31055007445	1
31055007453	0
31073967600	1
31079000600	0
31079000900	11
31109000300	1
31109002500	0
31109002800	0
31109003103	1
31109010300	1
31119960900	1
31121966700	1
31131966900	1
31141965700	1
31149974600	1
31153010103	3
31153010106	1
31153010108	1
31153010401	0
31153010501	1
31153010632	2
32003000106	1
32003000401	4
32003000523	1
32003000525	2
32003000526	1
32003001712	1
32003002201	1
32003002826	1
32003002964	1
32003003220	1
32003003411	1
32003003419	0
32003003800	1
32003005015	1
32003005105	1
32003005107	1
32003005343	1
32003005805	1
32003005809	0
32019960301	1
32031000101	1
32031002704	1
33001966200	2
33007950800	5
33009960200	1
33009960300	1
33011001400	1
33011001900	1
33011002500	1
33011014300	0
33011016201	4
33011021000	1
33011022000	2
33011200100	0
33011200200	0
33013003006	1
33013003200	1
33013032800	1
33013034000	1
33013043001	1
33013044200	1
33015069200	1
33017081400	2
33017084500	1
33019975902	1
34001000300	1
34001001300	1
34001010503	6
34001011100	1
34001011802	1
34001011900	1
34001013201	1
34003015300	1
34003060000	0
34005700702	1
34005700703	1
34005701104	1
34005701205	1
34005702803	1
34007600200	1
34007600400	1
34007600900	1
34007601000	1
34007601400	1
34007601500	3
34007607702	1
34007608800	1
34007610300	1
34009021702	1
34011010200	1
34011010401	1
34011010700	1
34011020300	1
34011040902	1
34011041100	1
34013001900	1
34013002500	1
34013004400	1
34013004600	1
34013005300	1
34013006900	2
34013007200	1
34013007700	1
34013010600	1
34013011400	1
34013012000	1
34013012400	1
34013012500	2
34013012800	1
34013012900	1
34013013100	1
34013017100	1
34015500701	5
34015501500	1
34017000100	1
34017001400	2
34017005801	1
34017016800	3
34019010200	1
34019011201	1
34021000700	5
34021000800	1
34021001102	1
34021002100	3
34021004201	1
34023000200	1
34023001200	2
34023004200	2
34023008504	1
34023008900	2
34025801600	15
34025801700	4
34025801800	1
34025803201	1
34025803202	1
34025807003	1
34025807300	1
34025807700	2
34025810503	2
34025811000	1
34025811600	1
34025812501	1
34027042000	1
34027042700	1
34027042800	2
34027042900	1
34027044101	1
34027045401	1
34029711100	2
34029713401	1
34029724000	0
34029734002	1
34029736105	1
34031181000	5
34031181100	3
34031182200	3
34031182400	1
34031182700	1
34031183000	2
34031246103	1
34031246300	1
34033021101	1
34035051100	1
34035052100	1
34039030500	1
34039032700	1
34039035200	1
34039036900	1
34039038500	0
34039039600	1
34041030700	1
34041031602	1
35001000603	2
35001000712	1
35001000713	1
35001001400	1
35001002100	1
35001002300	1
35001002500	1
35001003733	1
35001004401	1
35005000600	1
35006974400	1
35009000202	2
35009000301	1
35009000400	1
35013001400	1
35013001500	1
35013001706	1
35017964600	1
35019961600	3
35029000400	1
35029000500	1
35031945400	1
35031945600	1
35033955200	1
35035000100	1
35041000100	2
35045000302	1
35045942801	1
35047957600	1
35049001205	1
35049940300	1
35053978303	1
35061970101	1
35061970102	1
35061970800	2
35061970901	2
36001000600	4
36001001600	1
36001012800	1
36001013300	1
36005000400	0
36005001600	0
36005001900	1
36005002500	1
36005002702	1
36005006300	2
36005006800	0
36005006900	1
36005007000	0
36005007200	0
36005007800	2
36005008300	1
36005008500	1
36005009000	0
36005009800	1
36005013100	6
36005013500	7
36005015100	0
36005016200	0
36005020100	1
36005020601	0
36005020900	2
36005021002	0
36005021100	0
36005021200	0
36005021301	0
36005021501	1
36005021502	1
36005022200	0
36005022300	0
36005022500	0
36005022703	0
36005022800	0
36005022901	0
36005023200	1
36005023502	1
36005023704	25
36005023800	2
36005023900	2
36005024000	2
36005024300	0
36005024600	1
36005025400	0
36005026400	0
36005027401	0
36005027600	0
36005027700	1
36005030701	0
36005033800	2
36005034300	0
36005035800	0
36005036000	0
36005036800	1
36005037400	0
36005037600	0
36005038000	0
36005038100	6
36005038200	3
36005038301	5
36005038800	2
36005039600	2
36005042100	0
36005042500	3
36005043500	0
36005051600	4
36007010200	1
36007011903	1
36007012300	1
36007013304	1
36009960400	1
36011040100	1
36011040600	1
36011041000	0
36011041300	0
36013030300	1
36013030400	1
36013030600	1
36013036600	1
36013037400	3
36015000500	1
36015010100	1
36015011100	1
36017970100	2
36017970802	2
36019100300	2
36019100400	1
36019100600	1
36019102100	1
36021000100	1
36021001800	1
36023970500	1
36023970600	4
36025970500	1
36027050203	4
36027080202	1
36027190204	1
36027200001	1
36027220300	1
36027220700	11
36027220801	1
36027220901	3
36029000800	1
36029001500	2
36029001900	2
36029002400	1
36029002702	1
36029002900	3
36029003600	0
36029004001	1
36029004100	2
36029004700	1
36029005500	3
36029005700	1
36029005802	2
36029007102	1
36029014803	1
36029014901	1
36029015003	1
36029015201	1
36029016600	0
36029016800	2
36029017100	1
36029017200	1
36029017400	3
36033950400	1
36035970900	1
36035971500	1
36037950700	2
36037950900	3
36039080402	2
36041950400	1
36043011001	1
36043011501	1
36045061500	1
36045061800	1
36045062400	1
36047000100	0
36047000301	0
36047000501	0
36047000502	0
36047003900	0
36047004100	0
36047004300	0
36047007700	0
36047012700	1
36047012902	0
36047013100	0
36047013800	0
36047017700	2
36047020200	0
36047024100	3
36047024700	0
36047024900	1
36047026900	1
36047031300	0
36047032600	1
36047034700	1
36047035200	1
36047036001	0
36047036200	0
36047036900	1
36047038500	3
36047038700	3
36047039500	1
36047039700	1
36047040600	1
36047040900	1
36047043700	5
36047046000	1
36047046400	1
36047047200	0
36047047700	0
36047048100	1
36047048200	1
36047048800	1
36047049200	2
36047049400	0
36047049500	0
36047049600	0
36047049800	0
36047049900	0
36047050600	0
36047051800	0
36047052000	1
36047052500	0
36047053500	0
36047054200	3
36047054700	0
36047055400	1
36047056300	0
36047059200	0
36047074000	0
36047077600	2
36047079000	0
36047079200	1
36047082000	1
36047082400	3
36047082600	1
36047084800	0
36047086600	0
36047086800	0
36047092000	2
36047096600	1
36047096800	2
36047098800	0
36047099800	0
36047111800	1
36047112200	1
36047112800	1
36047115000	0
36047116200	1
36047119400	1
36047122000	1
36047123700	0
36047152200	1
36051030700	1
36055001800	1
36055001900	1
36055002000	1
36055002200	1
36055003600	3
36055004602	2
36055004800	1
36055006000	2
36055006700	1
36055008301	2
36055009500	1
36055010902	1
36055011400	2
36055011706	2
36055011800	1
36055011902	0
36055012900	1
36055013002	1
36055013204	1
36055014003	1
36055015304	2
36055015400	1
36057070300	1
36057070500	1
36059303201	1
36059303302	2
36059304202	1
36059407102	5
36059410400	2
36059412500	1
36059412900	1
36059413200	1
36059413600	3
36059416000	1
36059517600	1
36059519703	1
36061000202	0
36061000800	1
36061002201	1
36061003800	1
36061004100	0
36061005700	0
36061005900	0
36061006100	0
36061006500	0
36061006800	0
36061007000	0
36061007300	0
36061007500	0
36061008000	0
36061008100	0
36061009300	0
36061010400	0
36061011201	0
36061012100	0
36061013500	1
36061013700	0
36061013800	0
36061014401	0
36061014402	0
36061015300	0
36061017402	0
36061017800	0
36061018600	1
36061018900	1
36061019600	0
36061020102	0
36061020800	2
36061020901	1
36061021303	0
36061021500	1
36061021703	1
36061022600	1
36061023000	0
36061023100	0
36061024200	1
36061024302	1
36061025700	1
36061025900	0
36061027100	1
36061028300	0
36061028500	2
36063020500	2
36063021400	1
36063021700	1
36063022500	1
36063022702	1
36063022803	2
36063023404	1
36063024102	1
36063024302	1
36065021702	2
36065023000	0
36065023901	1
36065024000	0
36065024302	1
36065025200	1
36065025600	1
36067001500	1
36067002000	1
36067002101	1
36067002300	1
36067003900	2
36067004200	1
36067005400	1
36067005700	1
36067005800	1
36067006101	2
36067011500	1
36067011800	1
36067013400	1
36069050400	1
36069051700	1
36071000600	1
36071010102	1
36071011000	2
36071011200	1
36071011500	0
36071014102	1
36071014400	1
36071014700	0
36075020302	3
36075020600	1
36075021000	1
36075021603	1
36075021604	1
36077591500	2
36077591600	1
36079010100	0
36081003200	2
36081003400	1
36081003800	5
36081007300	0
36081010600	0
36081012400	1
36081012800	0
36081013000	3
36081013400	0
36081015100	0
36081015200	4
36081015300	0
36081015600	1
36081016300	1
36081016600	0
36081018000	0
36081018401	0
36081018700	0
36081019200	0
36081022002	1
36081023200	0
36081025400	2
36081025800	0
36081026500	6
36081027900	4
36081028100	0
36081029400	1
36081032900	0
36081033402	1
36081037700	3
36081041300	1
36081041400	6
36081041500	1
36081042700	1
36081043900	2
36081044301	2
36081044302	0
36081045400	1
36081046000	1
36081046200	1
36081052200	2
36081053000	0
36081055600	1
36081058000	0
36081063200	1
36081067100	0
36081073700	1
36081077300	0
36081081400	0
36081085300	0
36081091601	0
36081099200	1
36081099705	0
36081100802	2
36081101700	0
36081102900	0
36081103201	0
36081103202	1
36081112300	1
36081114700	0
36081116100	0
36081117500	0
36081134700	0
36081152902	0
36083040700	2
36083051600	2
36083051701	1
36085000700	3
36085000900	1
36085002100	1
36085003300	1
36085011201	0
36085012804	1
36085013302	1
36085014100	0
36085019800	0
36085020100	6
36085024800	0
36085027702	0
36085029104	0
36087011301	0
36087012700	1
36087013200	1
36089490600	1
36089490700	2
36089491000	1
36089491800	2
36091061404	1
36091061600	1
36093020300	0
36093020500	2
36093020600	1
36093020800	1
36093021001	1
36093032403	1
36095740600	2
36097950100	1
36101960700	1
36101961300	2
36101961700	1
36101962700	1
36101962800	1
36101963000	1
36103110902	1
36103111801	1
36103112002	1
36103123600	1
36103124602	1
36103158103	1
36103158704	10
36103159601	1
36105950700	2
36105951600	2
36105951800	4
36107020702	1
36109001700	1
36109001900	1
36111950200	1
36111955300	1
36113072000	2
36113074000	1
36115087000	1
36117020102	1
36117020201	4
36117020800	1
36117021000	2
36117021200	1
36117021502	1
36119001303	3
36119006801	1
36119009300	1
36119013000	1
36119014400	1
36119014701	0
36123150500	1
37003040400	1
37005950100	1
37007920600	1
37011930100	1
37013930200	1
37013930502	1
37015960300	1
37017950600	1
37019020103	1
37019020402	1
37019020603	1
37021000600	1
37021001500	1
37021001600	3
37021001900	1
37021002301	1
37021002401	1
37021002804	1
37021003001	1
37025040500	1
37025040703	1
37025041000	1
37025041901	1
37025041902	1
37025042101	1
37025042200	1
37025042604	1
37027030100	1
37027030200	0
37027030900	1
37029950101	1
37031970902	0
37035010402	3
37035010900	2
37035011200	2
37035011702	1
37035011802	1
37037020401	2
37037020402	2
37037020500	1
37041930101	1
37045950101	1
37045950500	1
37045950800	1
37045950900	1
37045951400	1
37045951501	0
37045951601	1
37047930500	1
37047930600	1
37047930900	1
37047931200	1
37049960102	0
37049960600	0
37049961303	0
37051001000	1
37051001400	1
37051001902	2
37051002401	1
37051003104	1
37051003203	1
37051003310	1
37051003312	1
37051003500	2
37057060304	2
37057060500	1
37057060900	1
37057061702	1
37059080100	2
37063000101	1
37063000302	1
37063001002	1
37063001502	1
37063001601	1
37063001709	2
37063001801	1
37063001806	1
37065020200	3
37065021500	1
37067000600	1
37067001500	1
37067001601	1
37067001800	1
37067001902	1
37067002501	0
37067002601	1
37067002603	1
37067002808	1
37067003201	1
37067003202	3
37067003308	1
37067003404	0
37067004010	1
37069060100	1
37069060301	2
37069060600	1
37069060801	1
37071030301	1
37071030501	1
37071030902	1
37071031302	1
37071031703	1
37071033500	1
37077970102	2
37077970500	1
37077970602	1
37077970603	1
37081010401	1
37081010900	1
37081011102	1
37081011500	2
37081012504	1
37081012803	1
37081013900	1
37081014200	1
37081014502	1
37081015300	2
37081015704	3
37081016006	1
37081016103	1
37081016201	1
37081016800	1
37083931000	2
37085071001	2
37087920200	1
37089930401	1
37089930702	0
37089931000	1
37089931902	1
37093970101	1
37097060603	1
37097060801	1
37097061302	2
37097061501	1
37097061502	1
37101040100	1
37101040201	1
37101040302	1
37101040600	1
37101041001	1
37101041002	1
37101041101	0
37101041103	1
37101041201	1
37101041300	3
37101041502	1
37105030501	1
37105030503	1
37107010100	1
37107010400	1
37107010700	0
37107011300	1
37109070100	1
37109070500	1
37109071002	1
37115010100	1
37115010500	1
37117970400	1
37119001000	1
37119001606	1
37119001802	2
37119001919	1
37119002100	3
37119003105	2
37119003700	1
37119003802	1
37119004200	2
37119004400	1
37119004500	1
37119004600	1
37119005200	1
37119005611	1
37119005709	1
37119005840	0
37119006104	1
37123960100	1
37123960500	1
37125950200	2
37125950502	1
37125951100	0
37127010502	1
37127010602	1
37127010700	1
37127011200	4
37129010100	3
37129011000	1
37133000302	1
37133002600	1
37135010901	2
37139960200	1
37143920202	2
37147000100	0
37147000400	0
37147001200	0
37147001800	2
37151030100	1
37151030302	1
37151030700	1
37151030802	1
37151031306	1
37151031400	1
37153970300	3
37153970400	1
37153970800	3
37155960101	1
37155960202	1
37155960300	1
37155960801	3
37155961000	2
37155961301	1
37155961700	3
37155961801	2
37155961802	1
37155961900	1
37157040400	2
37157041200	1
37159050904	1
37159051001	3
37159051202	1
37159051303	1
37159051802	1
37159051901	1
37159052000	1
37161960100	2
37161960200	1
37161960600	1
37161961000	2
37161961101	1
37161961102	1
37163970400	1
37163970600	2
37165010102	1
37165010300	0
37167930200	1
37167931100	1
37169070100	1
37171930302	1
37171930502	1
37171930700	1
37171931001	1
37171931003	1
37175960401	1
37177960100	1
37179020315	1
37179020401	1
37179020404	1
37179020502	2
37179020702	1
37181960100	1
37181960300	1
37181960500	1
37181960600	1
37181960700	1
37183051900	2
37183053418	1
37183054014	0
37185950103	1
37185950200	1
37185950300	2
37185950400	1
37191000601	0
37191000700	0
37191001800	0
37193960100	1
37193960200	1
37193960400	1
37193960700	1
37193960802	2
37193960900	2
37193961100	1
37195000400	1
37195000700	2
37195000802	1
37195001400	1
37195001700	1
37197050300	1
38017000801	0
38017010203	1
38053940100	2
38071957800	0
38101010400	0
39001770300	1
39001770500	2
39003010200	1
39003013600	1
39003013800	1
39005970100	1
39005970800	0
39007000200	1
39007000603	1
39007000802	1
39009972600	1
39009972800	1
39009973700	1
39009973800	1
39015951500	2
39017000200	1
39017000300	1
39017000400	1
39017010500	1
39017010600	2
39017010901	1
39017010906	1
39017011117	1
39017013100	2
39017013600	1
39017014900	1
39021010100	1
39023000300	1
39023001102	1
39025040101	1
39025040702	1
39025041600	NA
39025041702	1
39027965100	1
39029950200	1
39029951400	1
39031960900	1
39031961200	0
39035101501	1
39035102402	1
39035102700	1
39035104600	1
39035105300	1
39035107701	1
39035109801	1
39035110501	3
39035110901	1
39035112200	1
39035113801	1
39035114501	1
39035114600	1
39035114900	1
39035115100	4
39035115300	1
39035115400	1
39035115800	1
39035117201	1
39035117202	1
39035117300	4
39035118101	2
39035118301	2
39035118602	1
39035118700	1
39035119800	1
39035120802	3
39035121300	2
39035121401	1
39035122100	1
39035123501	1
39035124202	2
39035127501	1
39035151400	1
39035152201	1
39035154601	1
39035161400	1
39035177303	2
39035178204	1
39035178206	1
39035187103	1
39035188103	0
39035188107	1
39039958300	1
39039958400	1
39041010200	2
39041011411	1
39041011413	1
39041011604	1
39043040900	2
39043041000	1
39045030200	0
39045030900	1
39045031700	1
39047926200	2
39049001500	1
39049002800	0
39049003000	1
39049003600	2
39049003700	2
39049004500	4
39049004700	1
39049005000	2
39049005300	1
39049005500	1
39049006000	1
39049006100	4
39049006386	1
39049006932	0
39049007112	0
39049007113	1
39049007205	0
39049007424	0
39049007721	1
39049007954	1
39049008120	1
39049008162	0
39049008312	1
39049008330	15
39049008370	2
39049008730	1
39049009340	1
39049009374	1
39049009386	4
39049009420	1
39049009430	1
39049009800	1
39053953500	0
39055310200	1
39055312202	1
39055312203	1
39057200104	1
39057200300	1
39057270100	1
39059977200	1
39059977500	1
39059977600	1
39059977800	1
39059977900	1
39061001800	1
39061002300	1
39061002600	1
39061005500	1
39061006300	1
39061006800	2
39061007300	2
39061007800	1
39061008000	1
39061008202	7
39061008400	1
39061008501	1
39061009700	1
39061010100	3
39061010201	1
39061020505	1
39061020601	1
39061021603	1
39061021702	1
39061022700	1
39061025102	1
39061025500	1
39061027100	1
39063000300	2
39063000400	1
39063000600	1
39063000800	6
39063000900	5
39065000400	1
39065000500	1
39069000100	1
39069000500	0
39069000700	1
39071954700	1
39071955000	2
39071955100	1
39073964900	1
39073965400	1
39077915800	1
39077916000	1
39077916500	1
39079957200	1
39079957700	1
39081011000	1
39081011402	1
39081012200	1
39083007400	1
39085204800	1
39087050500	4
39087050800	1
39087051001	1
39087051100	1
39087051200	4
39089751900	1
39089752500	1
39089756500	1
39089757400	2
39091004300	2
39091004400	1
39095001500	1
39095001800	1
39095002200	1
39095003500	1
39095003600	1
39095003900	1
39095004000	1
39095004701	6
39095004900	5
39095005100	1
39095005501	1
39095005801	4
39095005802	4
39095006100	1
39097040400	1
39097041200	0
39099801000	0
39099801400	0
39099802400	0
39099804000	0
39099812302	0
39099813900	0
39101010300	1
39103413000	1
39109345000	0
39109365000	0
39111966700	0
39113000200	1
39113001100	2
39113002200	1
39113002900	1
39113003300	1
39113003402	1
39113004600	1
39113020100	1
39113040103	2
39113040204	5
39113050504	1
39113060200	3
39113080100	1
39113100301	1
39113165100	1
39113165200	2
39117965200	2
39117965500	1
39119911100	1
39119911600	1
39119912000	1
39121968400	3
39123050500	3
39125960100	1
39125960400	1
39125960500	1
39127966000	1
39127966100	1
39127966300	1
39131952700	2
39133600402	1
39133600901	1
39135455002	3
39135460100	1
39135480100	1
39137030400	1
39137030700	1
39141956700	1
39141956900	2
39143961500	1
39143961600	1
39145002200	1
39145002300	1
39145002700	1
39145002900	1
39145003000	1
39145003200	1
39145003500	1
39145004000	1
39147962500	1
39147962900	2
39149972100	0
39149972200	0
39151700200	1
39151701300	1
39151701500	2
39151701700	0
39151702500	1
39151711211	0
39151711321	0
39151713401	1
39151714200	0
39151714801	0
39153502300	1
39153502500	1
39153505900	1
39153506100	1
39153506600	1
39153508301	1
39153508800	2
39153508900	4
39153531801	1
39155931200	1
39155931400	1
39157021700	0
39161020800	1
39165031600	1
39165032300	2
39169002300	2
39169002400	0
39173021400	1
39173021701	4
39173021702	4
40001376700	1
40005587700	1
40009966800	1
40013796500	1
40015161600	1
40017300500	2
40017301300	1
4001944300	1
40019892100	2
40019893100	0
40021977900	14
40021978100	1
40023967100	1
40027202102	1
40027202402	1
4003000202	1
4003000203	1
4003000302	1
4003001300	2
4003001502	1
4003002001	2
4003002100	1
40031000200	1
40031000401	3
40031001100	1
40031001500	1
40031001902	1
40031002200	1
40031002301	1
40037020102	1
40037020702	1
40037020705	1
40037021101	1
40037021201	1
40037021202	2
40037021500	1
40041375700	1
40041375802	1
40041375900	3
40041976200	2
40047000100	1
40049681300	1
40061279200	1
40065968800	0
40069660198	0
40069660300	0
4007000500	1
40077087200	1
40081961100	1
40081961500	1
40083600100	1
40083600200	1
40083600500	1
40087400102	1
40089098600	2
40089098900	2
40097040501	1
40097040700	1
40097040800	1
40101000200	1
40101000400	2
40101001400	2
40101001500	2
40101001600	1
40105172200	1
40105172400	1
40109102400	1
40109104900	1
40109105600	1
40109105904	1
40109106602	1
40109106913	3
40109106914	4
40109106915	4
40109107001	1
40109107002	1
40109107206	1
40109107207	1
40109107216	1
40109107303	2
40109107401	2
40109107405	1
40109108010	1
40109108217	1
40109108302	1
40109108307	1
40109108504	1
40109108804	1
40111000100	1
40111000500	1
40111000600	1
40111000901	1
40113940003	1
40113940005	1
40113940010	1
40115574500	1
40115574800	1
40123088700	1
40123089100	1
40123089200	1
40125500301	1
40125500302	1
40125501001	1
40125501102	3
40125501300	2
4012980000	1
4013050603	1
4013061018	1
4013082008	1
4013092401	3
4013092500	1
4013092724	1
4013092801	4
4013092900	1
4013104100	1
4013104207	2
4013104302	1
40131050302	2
40131050407	1
40131050408	1
40131050601	1
40131050604	1
4013107400	2
4013108400	3
4013109400	1
4013109900	1
4013110002	2
4013110801	7
4013113201	1
4013113700	3
4013115500	2
4013116000	1
4013116100	1
4013116703	1
4013116707	1
4013319201	1
40133583500	1
4013421701	1
4013421702	1
4013422616	1
40135030202	1
40135030302	4
4013612400	1
4013612600	1
4013618500	1
40137000300	1
40137001100	1
4013815700	1
4013816600	1
4013817600	1
40143000100	1
40143000400	2
40143001600	1
40143002700	1
40143002900	0
40143003100	1
40143003400	1
40143004800	1
40143005002	1
40143005300	1
40143005801	1
40143006200	1
40143006804	0
40143007200	1
40143007305	1
40143007306	1
40143007311	1
40143007508	1
40143007515	1
40143007609	1
40143007624	1
40143007702	1
40143007900	1
40143008600	2
40143009004	2
40143009101	1
40143009300	0
40143009500	1
40145030101	1
40145030798	1
40147000400	1
4015950703	1
4015950706	1
4015951502	1
4015951800	1
4015953601	1
4015954800	2
4017960500	1
4019001303	1
4019002602	1
4019002801	1
4019003003	1
4019004011	0
4019004049	1
4019004061	1
4019004067	1
4019004115	1
4019004116	1
4019004334	1
4019940800	2
4021000318	1
4021000802	1
4021001301	1
4021001600	1
4021941400	2
4025001701	1
4025002001	1
4027000302	0
4027011104	1
4027011107	1
41001950100	1
41001950200	0
41005020800	1
41007950900	1
41011000100	1
41015950301	1
41015950400	2
41017000402	1
41017000900	7
41019070000	1
41019190000	1
41019210000	1
41027950100	1
41029000300	1
41029000405	1
41031940000	1
41031960201	0
41033360100	1
41033360600	1
41035970900	2
41035971400	1
41035971600	2
41039000100	1
41039000200	1
41039001001	1
41039002501	1
41039003800	0
41039004300	1
41039004502	1
41041950601	1
41041951100	2
41041951400	1
41043020802	1
41045970500	1
41047010502	1
41051004002	1
41051005700	1
41051006100	1
41051007202	1
41051007900	1
41051008100	1
41051008202	1
41051008400	1
41051008901	2
41051009604	1
41051010305	1
41051010402	0
41053020203	1
41053020400	2
41067030402	1
41067032004	1
41067032005	1
41071030502	1
42001030200	0
42003070900	1
42003160800	1
42003191900	1
42003261400	1
42003300100	1
42003415002	1
42003418000	3
42003435000	1
42003459102	1
42003468700	1
42003468800	2
42003480400	1
42003486700	1
42003491200	1
42003492700	1
42003492800	1
42003499400	2
42003504100	1
42003507000	2
42003515100	1
42003561000	2
42003561100	1
42003561700	1
42003562400	1
42003562700	1
42003563200	4
42003564500	1
42005950100	1
42007601200	1
42007601300	1
42007601400	1
42007602702	1
42007603300	1
42007604600	0
42007604901	0
42007605400	2
42009960900	2
42009961000	1
42009961100	1
42011001200	1
42011001700	2
42011010600	1
42011010802	1
42011010902	1
42011011400	1
42011011904	1
42013010102	1
42013100300	2
42015950500	2
42015951000	2
42017100303	1
42021010700	1
42021011400	1
42021012100	1
42021012400	1
42021013100	1
42021013400	1
42025020105	1
42025020700	1
42025020900	1
42027010500	0
42027010700	0
42027011100	1
42027011201	0
42027011901	0
42029305500	16
42031160102	1
42031160600	1
42033330800	0
42033330900	1
42035030100	1
42035030200	1
42037050300	1
42037051200	1
42041010100	1
42041011304	1
42041011305	1
42041012501	1
42041012600	1
42041013000	1
42043020300	2
42043020400	4
42043021200	6
42043021300	2
42043021600	1
42043022000	1
42043022900	1
42043023300	2
42043023500	2
42043024503	1
42045404800	1
42045410700	2
42049000700	1
42049000800	1
42049002800	1
42049011300	2
42049012002	2
42049012100	1
42051260300	2
42051262701	1
42051262900	1
42055010300	1
42055010600	1
42055011301	1
42055011400	1
42055011500	6
42055012000	1
42055012400	1
42059970100	6
42059970300	1
42059970400	1
42061950400	0
42061950600	1
42061951100	1
42061951300	1
42063960300	1
42063960600	1
42063961900	1
42065950300	1
42065950600	1
42067070100	1
42067070202	1
42067070300	1
42069100800	2
42069101200	1
42069101300	1
42069103000	1
42069110300	0
42069111100	0
42069111400	0
42069111500	1
42069111800	1
42069112000	1
42069112400	0
42069112600	1
42071010400	1
42071010900	1
42071011200	1
42071011504	1
42071013202	1
42071013400	1
42071013702	1
42071014502	1
42073000700	2
42073000900	1
42073011300	1
42075000401	1
42075002100	1
42075003200	1
42075004100	1
42077000700	2
42077002000	1
42077005402	1
42077006500	5
42077006600	11
42077006701	1
42079211204	1
42079211600	2
42079216100	1
42079216200	1
42083420200	1
42085032800	1
42087960800	1
42089300102	1
42089300305	1
42089300403	1
42093050300	4
42095010900	2
42095011200	1
42095015500	1
42095017102	1
42095017200	1
42095017300	1
42097080600	1
42097081000	2
42099030201	1
42099030202	1
42099030602	1
42101008602	1
42101027600	3
42101027800	34
42101028200	1
42101033701	45
42105950100	1
42107000100	1
42107000400	1
42107000900	1
42107001000	1
42107003500	1
42109070100	1
42115032300	1
42115032400	1
42115032500	1
42115032600	1
42115032901	1
42119090300	1
42119090502	2
42123970300	2
42125763700	1
42125771100	1
42125796000	2
42127960900	4
42129802002	2
42129803700	1
42129804701	1
42129804801	1
42129807200	1
42131400300	1
42133000200	1
42133000500	3
42133000700	1
42133010400	1
42133020420	0
42133020922	1
42133021220	1
42133021720	0
42133023100	1
42133023500	1
42133024001	4
44003020400	0
44003020604	0
44003022000	1
44003022201	3
44007001400	4
44007001500	2
44007001600	2
44007001700	2
44007002102	3
44007011000	4
44007012602	2
44007012803	2
44007014300	0
44007014800	4
44007015300	1
44007017000	2
44007017100	7
44007017900	0
44007018000	5
45001950100	1
45001950400	2
45003020702	1
45003020901	1
45003021102	1
45007000700	1
45007010104	1
45007011202	1
45007011300	1
45007011402	1
45011970200	1
45011970500	1
45013000200	1
45015020201	4
45015020302	4
45015020504	1
45015020600	1
45015020711	1
45019001100	1
45019001500	2
45019002502	1
45019002613	1
45019002702	1
45019003104	1
45019003107	2
45019003114	1
45019003115	1
45019003400	2
45019003800	1
45019004300	1
45019004400	1
45019004611	2
45019005000	1
45019005300	1
45021970502	1
45023020300	2
45023020400	1
45023020900	2
45025950102	2
45025950502	1
45027960201	1
45027960701	1
45029970401	1
45029970402	1
45029970500	1
45029970600	1
45031010300	2
45031010700	1
45031010800	1
45031011300	1
45031011400	1
45033970100	1
45033970400	1
45033970600	1
45035010200	2
45035010300	1
45035010603	1
45035010700	1
45035010808	1
45035010809	1
45035010816	1
45035010818	1
45035010819	11
45035010820	1
45037970202	1
45039960100	1
45039960200	1
45041000202	1
45041000500	1
45041000700	1
45041000800	2
45041000900	1
45041001100	1
45041001506	1
45041001900	1
45041002000	1
45041002400	1
45043920301	1
45043920800	1
45045000200	2
45045000500	0
45045001600	1
45045002105	3
45045002108	1
45045002304	1
45045002403	1
45045002604	1
45045002901	1
45045003301	1
45045003705	1
45045003706	1
45045003902	1
45045004101	2
45047970101	1
45047970600	1
45047970702	5
45047970800	1
45049920200	2
45049920400	1
45049920500	1
45051020300	2
45051051403	1
45051060204	1
45051060308	1
45051060403	1
45051070602	1
45053950100	2
45053950202	1
45057010500	1
45057010600	1
45059920103	1
45059920201	1
45063020507	2
45063020801	1
45063020803	1
45063020804	1
45063021018	2
45063021303	1
45065920200	1
45067950500	1
45069960200	1
45069960302	1
45069960500	1
45071950502	1
45073030701	0
45073031000	1
45075011400	1
45075011600	1
45077010100	1
45077010402	2
45077010501	1
45077010903	1
45077011002	1
45077011204	6
45077011205	0
45079002400	1
45079010200	0
45079010309	1
45079010501	1
45079010600	1
45079010900	1
45079011303	2
45079011404	1
45079011608	2
45079011800	2
45079011902	1
45079012000	1
45083020900	3
45083021500	2
45083021700	1
45083022202	2
45083022302	1
45083023600	1
45083023700	1
45085000100	2
45085000400	1
45085000700	0
45085000800	1
45085000901	1
45085001100	1
45085001300	1
45085001600	1
45085001703	1
45085001801	1
45085001802	2
45085001901	1
45087030700	1
45089970200	1
45089970300	1
45089970400	1
45089970501	1
45089970502	4
45089970600	1
45089970700	1
45091060401	3
45091060502	1
45091060804	1
45091060901	1
45091061302	2
45091061801	1
45091061802	1
46011958700	2
46013952000	1
46019967600	1
46023940200	1
46025955800	1
46029954501	1
46031941000	1
46035962600	1
46035962800	1
46047964100	1
46077958100	1
46099000405	2
46099000900	1
46103010200	1
46109940400	1
46109940800	1
46113940800	2
46121940100	1
46121940200	1
46129965200	1
46137941600	1
47001021201	2
47009010400	1
47009010800	2
47009011301	1
47009011402	1
47009011603	1
47009011604	1
47011010100	1
47013950400	0
47013950600	1
47019070500	2
47019071700	1
47021070201	1
47025970100	1
47025970500	1
47025970700	1
47025970800	1
47029920501	1
47029920700	1
47031970100	0
47033961200	1
47033961400	1
47035970301	0
47035970302	1
47035970400	1
47037010402	1
47037010501	1
47037011300	2
47037011500	2
47037012100	1
47037013300	2
47037013900	1
47037015623	1
47037016200	1
47037017300	1
47037017402	1
47037018101	1
47037018401	2
47037019003	1
47037019116	1
47037019600	2
47043060601	1
47047060501	1
47049965100	1
47051960201	1
47053966300	1
47053966400	1
47053966900	1
47053967000	3
47059090400	2
47059090700	1
47059091200	1
47059091400	1
47065001300	1
47065001400	2
47065002000	1
47065002300	1
47065002600	1
47065011323	1
47065012100	1
47067960600	1
47069950100	1
47069950400	1
47069950600	1
47071920600	1
47073050200	1
47073050302	3
47073050900	1
47075930301	1
47075930302	1
47075930400	1
47077975400	1
47081950301	1
47081950302	1
47083120200	1
47085130100	1
47085130300	1
47085130500	1
47089070400	1
47093002800	1
47093003200	2
47093004000	1
47093004404	1
47093004607	1
47093005502	1
47093006600	0
47093006800	0
47097050300	1
47097050505	1
47107970101	1
47107970700	1
47109930500	1
47111970100	1
47113000400	1
47113001100	1
47115050101	1
47117955200	1
47119010500	1
47119010600	1
47119011002	1
47123925000	1
47123925100	1
47123925200	1
47123925400	1
47125100300	3
47125100400	1
47125101101	1
47125101102	1
47125101306	1
47125101307	1
47125101500	0
47125101700	1
47125101802	1
47125101903	1
47129110200	1
47129110500	1
47137925100	1
47139950400	1
47143975000	1
47143975402	1
47145030500	6
47145030900	0
47147080104	1
47147080200	1
47147080606	1
47149040303	0
47149041101	1
47151975100	1
47153060101	3
47155080400	1
47155080700	1
47155080802	1
47155081102	1
47157000200	2
47157000600	1
47157000800	1
47157000900	1
47157001100	1
47157001300	1
47157001500	1
47157001900	1
47157003100	9
47157003200	4
47157005300	1
47157005500	1
47157005900	1
47157006200	1
47157007821	2
47157008700	1
47157008800	1
47157010000	1
47157010120	3
47157010220	3
47157010710	1
47157010820	1
47157011020	1
47157011200	1
47157011300	3
47157011800	1
47157020210	1
47157020512	3
47157020521	14
47157020523	1
47157020524	1
47157020541	2
47157020621	1
47157020644	1
47157020810	1
47157021135	3
47157021744	1
47157022023	1
47157022130	1
47157022210	1
47157022500	1
47159975400	1
47161110600	0
47161110700	1
47163040600	1
47163040800	1
47163042801	2
47163042900	1
47163043401	1
47167040100	1
47171080300	1
47173040100	1
47173040300	1
47175925200	1
47177930400	1
47177930600	1
47177930800	1
47179061702	1
47179061800	1
47179062000	1
47187050103	1
47187050904	1
47187051002	1
47189030600	2
48001950500	1
48001950901	1
48005000101	1
48005000200	4
48005000400	1
48007950500	1
48011950100	1
48019000101	1
48019000300	1
48021950100	1
48021950501	2
48021950600	1
48021950802	2
48025950500	2
48027020701	1
48027022200	1
48027022404	1
48027023000	1
48027023105	1
48027023106	1
48029110700	5
48029110800	2
48029111000	1
48029121119	3
48029121601	1
48029121812	1
48029130900	1
48029140200	1
48029140800	1
48029141200	1
48029141300	1
48029160502	1
48029171000	2
48029171402	1
48029171802	1
48029180201	1
48029180504	1
48029190604	2
48037010400	1
48037011402	1
48039660602	1
48039661900	1
48039663200	1
48039663800	1
48039664200	0
48041000300	1
48041000400	1
48041000500	1
48041000800	1
48041002008	1
48053960500	2
48053960800	2
48055960101	1
48055960300	1
48055960700	1
48059030102	0
48061010301	1
48061011100	1
48065950100	1
48067950300	1
48067950500	1
48073950100	1
48073950200	1
48073950300	1
48073950500	1
48073950600	1
48073951000	1
48085030305	1
48085030900	1
48085031648	1
48091310100	1
48091310200	1
48091310801	1
48091310901	1
48093950200	1
48097001100	1
48099010101	1
48099010102	2
48099010701	1
48099010804	1
48107950200	1
48113002400	2
48113003700	1
48113008701	1
48113008703	1
48113008704	1
48113009202	1
48113009303	1
48113009304	1
48113010500	1
48113011401	1
48113012206	1
48113012207	1
48113012701	1
48113013009	8
48113013720	1
48113014131	1
48113014302	2
48113016518	2
48113016520	1
48113016605	1
48113016705	2
48113016802	1
48113016902	1
48113017101	2
48113017808	4
48113018129	6
48113018135	1
48113018600	1
48113018700	1
48113019035	1
48117950400	1
48117950600	1
48119950100	1
48121020103	0
48121020309	1
48121021301	1
48121021304	1
48121021519	0
48121021521	0
48121021740	1
48121021753	1
48123970200	0
48133950200	1
48139060207	1
48139060300	1
48139060803	1
48139061600	1
48141000301	1
48141000401	2
48141000403	2
48141001002	1
48141001113	1
48141001114	1
48141003901	1
48141010345	3
48143950500	1
48147950800	1
48149970600	1
48157670800	1
48157673800	1
48157674800	1
48157675000	1
48163950100	1
48167721201	1
48167722600	1
48167723502	1
48179950500	1
48179950700	1
48181000303	1
48181000501	1
48181001102	1
48181001500	1
48181001802	1
48181001803	1
48183010302	1
48187210603	1
48187210604	1
48189950100	2
48189950700	1
48199030502	2
48201210900	1
48201211700	1
48201220300	1
48201220800	2
48201230200	1
48201232701	1
48201232702	1
48201233102	1
48201233103	1
48201233600	1
48201241101	1
48201252900	1
48201253200	1
48201254300	1
48201254500	2
48201310500	1
48201310900	1
48201311300	0
48201322200	1
48201322700	1
48201323000	1
48201331300	1
48201332000	1
48201334100	1
48201341501	1
48201350801	1
48201421403	3
48201421500	1
48201421600	15
48201422200	1
48201422301	1
48201432300	7
48201432701	1
48201452500	1
48201520300	1
48201521900	2
48201522402	1
48201531900	1
48201532300	3
48201532600	1
48201533200	1
48201533702	1
48201540200	10
48201540502	1
48201541700	1
48201542200	1
48201550200	8
48201550500	2
48203020104	1
48203020302	1
48203020402	1
48209010304	1
48209010400	1
48209010803	1
48213950100	1
48213950902	1
48215021305	1
48215022104	1
48215023507	1
48215023513	1
48217960100	1
48217961400	2
48221160208	2
48231960200	1
48231960700	2
48231961000	1
48233951000	1
48241950100	1
48241950800	1
48245000101	1
48245000600	1
48245000700	1
48245001200	3
48245001700	1
48245002400	1
48245002600	1
48245005100	1
48245006600	1
48245007002	1
48245011303	1
48249950100	1
48249950200	1
48251130211	1
48251130302	1
48251130601	2
48251130700	1
48253020500	3
48257050206	1
48257050500	1
48257050704	1
48257051300	2
48259970402	1
48265960100	0
48277000401	1
48277000500	1
48277000600	1
48277001000	1
48291700600	1
48293970100	1
48295950200	1
48303000100	1
48303000405	1
48303000900	1
48303001501	1
48303002400	2
48303010200	1
48303010508	1
48309001300	2
48309001500	1
48309001600	1
48309003707	1
48309003802	1
48309004300	2
48321730302	1
48323950204	1
48325000101	1
48327950300	1
48337950400	1
48339691900	1
48339692601	1
48339694400	1
48339694500	1
48339694600	1
48339694700	1
48347950302	1
48349970100	1
48349970200	1
48349970600	1
48349970700	2
48351950100	1
48353950400	0
48355000600	1
48355001902	1
48355003001	1
48355005406	1
48355005408	6
48355005410	1
48361021600	1
48361021900	1
48361022000	2
48365950100	1
48367140405	1
48367140409	1
48373210102	2
48375010600	2
48375013000	0
48375013400	1
48375014500	0
48375014900	1
48381021801	1
48381021900	1
48387950500	1
48395960400	1
48397040401	1
48405950200	1
48407200102	1
48407200200	1
48407200300	1
48409010202	1
48409010602	1
48421950200	1
48423000700	1
48423001601	1
48423001801	1
48423001802	1
48429950200	0
48429950300	1
48437950300	1
48439100201	1
48439100800	1
48439101202	2
48439101401	1
48439102100	0
48439102202	2
48439103601	2
48439103702	1
48439104100	0
48439104701	1
48439105503	1
48439105513	3
48439105800	1
48439106202	1
48439106515	1
48439110102	1
48439110302	0
48439110703	1
48439110905	1
48439111012	1
48439111552	1
48439113115	2
48439113910	1
48439114003	1
48439114102	1
48439114204	1
48439114205	1
48439122300	4
48439122700	0
48439122801	1
48439122900	0
48439123100	1
48439123200	1
48439123500	2
48441010700	1
48441010800	1
48441011500	1
48441013100	0
48451001704	2
48453000500	1
48453000603	6
48453001503	4
48453001765	1
48453001823	1
48453001908	1
48453002005	1
48453002207	1
48453002312	4
48453002407	3
48455950200	1
48457950300	1
48457950400	1
48459950200	1
48459950700	1
48467950400	3
48471790103	1
48479000601	1
48479000800	1
48479000903	1
48479001202	0
48483950300	1
48485010400	4
48485010800	1
48485011100	1
48485011900	1
48487950600	1
48489950300	1
48489950700	1
48491021000	1
48491021203	0
48493000103	1
48493000201	1
48493000500	1
48497150401	1
48497150403	2
48499950601	1
48499950800	1
49035100308	1
49035101000	1
49035113305	1
49035113308	1
49035113408	1
49035113509	1
49037978100	1
49049000103	0
49049000104	1
49049002000	0
49049002300	0
49049002801	12
49049003204	1
49057200700	1
49057201700	2
49057201800	1
50001960100	1
50001960700	0
50007002302	0
50007003503	1
50011010600	0
50017959500	2
50019951600	0
50019951700	1
50019951800	1
50019951900	1
50021963300	4
50021963700	1
50021964000	2
50023954200	1
50027965900	1
5007021001	1
5007021407	1
5009790200	1
5009790300	1
5011950200	3
5011950400	2
5019953900	1
5021950200	1
5023480100	1
5027950400	1
5029950100	1
5029950500	1
5031000300	NA
5031000401	NA
5031000402	1
5031000601	NA
5031000602	6
5031000700	1
5031001000	1
5033020201	1
5033020402	1
5035030101	1
5035030202	1
5035030502	1
5037950500	1
5039970200	1
5045030200	0
5045030301	1
5045030302	1
5045030303	0
5045030402	1
5045030403	1
5045031101	1
5045031102	1
5047950200	2
5047950300	1
5051010300	1
5051010600	2
5051011602	1
5055480200	NA
5055480300	1
5055480500	1
5057480200	1
5057480300	1
5063490700	1
5063490800	1
5065960100	0
5067480400	NA
5071951700	1
5071952200	1
5077470400	1
5083950500	1
5085020102	1
5085020700	1
5091020100	1
5091020701	1
5093010100	2
5093010700	2
5093010800	1
5093010900	2
5093011300	1
5095950100	1
5097953000	1
51001090400	1
51003010700	1
51003011302	2
51003011400	1
51005080201	1
51005080202	1
51007930200	1
51009010200	1
51013101702	7
51013101703	6
51015070500	1
51015070600	1
51019030402	1
51025930300	2
51027010200	2
51027010300	1
51027010600	1
51027010700	1
51029930101	1
51029930102	1
51031020200	1
51031020300	2
51031020900	1
51037930100	1
51037930200	1
5103950100	1
5103950300	1
51041100409	1
51041100912	1
51045050100	1
51047930300	1
51047930400	1
51049930200	1
51059415100	1
51059415500	1
51059430102	0
51059430201	3
51059430700	1
51059451900	1
51061930706	1
51063920102	1
51065020300	1
51067020200	1
51067020400	2
51069050600	1
51071930100	1
51071930300	1
51071930400	1
5107480200	1
5107480300	3
5107480500	2
51079030102	1
51081880101	1
51083930202	1
51083930302	1
51083930600	1
51083930800	1
51085320100	2
51085320900	1
51085321300	1
51087200112	1
51087200409	1
51087200903	1
51087201003	2
51087201502	1
51095080101	1
51099040400	1
5109953300	1
51103030100	2
51105950100	1
51105950200	2
51105950600	1
51109950202	1
51111930100	3
51111930300	1
5111490500	NA
51117930300	2
51117930400	1
51117930500	1
51119951000	1
51125950100	1
51127700200	1
51131930100	2
51131930300	2
51133020200	1
51133020300	1
51137110300	2
51139030100	1
5113950200	0
51143010100	1
51143010300	1
51143010500	1
51143010801	1
51143011400	1
51145500102	1
51147930201	3
51153900300	2
51153900404	1
51153901001	1
51155210400	1
5115951200	1
5115951600	1
51165010200	1
51165010700	1
51171040500	1
51173030400	1
5117460200	1
51175200500	3
51177020403	1
51179010204	1
51179010404	1
51183870300	1
51185020100	1
51185020300	1
51185020600	1
51187020400	0
51187020500	0
5119000500	2
5119001100	1
5119001200	0
5119001800	1
5119001900	1
5119002102	1
5119002203	6
5119002204	4
5119002403	1
5119002405	1
5119002500	3
5119002600	2
5119002700	1
5119002900	1
5119003002	1
5119003202	1
5119003208	0
5119003609	1
5119003707	2
5119003800	2
5119004004	1
5119004007	0
5119004104	1
5119004105	2
5119004106	1
5119004107	2
5119004302	1
5119004700	1
5119004900	2
51193010400	1
51199050203	1
51199051000	1
5123960400	1
5125010507	0
5125010600	1
5127950100	2
5127950200	1
5129970300	1
5131000700	1
5131000800	1
5131001001	2
5131001303	1
5131010102	1
5131010301	1
5131010302	2
5135470100	1
5137950202	1
5139950600	1
5139950700	1
5139950800	2
5139951000	1
5141460100	1
5143011102	1
5145070100	1
5145070200	2
5145070300	1
5145070500	1
5145070700	1
5145071200	1
51510200103	0
51520020200	1
51520020300	1
51530930600	1
51540000502	1
51550020904	1
51550021005	1
51550021404	1
51570830500	1
51580060100	1
51620090100	0
51620090200	1
51650010200	0
51650010900	1
51650011800	0
51650012000	1
51670820500	0
51680000400	1
51680001900	1
51700030800	4
51700032006	1
51700032123	0
51700032225	1
51710000300	2
51710000400	1
51710004300	5
51710005701	1
51710005903	1
51710006000	1
51710006100	3
51710006200	2
51720960100	1
51730810100	1
51730810300	2
51730810500	2
51730811000	1
51730811100	1
51730811300	1
51740211700	1
51740212100	1
51740212400	1
51760010700	1
51760011100	0
51760020300	2
51760020400	3
51760020700	1
51760021100	1
51760041100	1
51760060200	1
51760070700	1
51760070900	2
51770001000	1
51770002500	1
51770002700	2
51790000200	1
51800065100	1
51800065500	4
51800075101	1
51810040200	1
51810045406	1
51810046204	1
51810046214	1
51810046220	1
51820003400	2
53001950300	2
53003960300	1
53005011401	1
53005011800	1
53007960600	1
53007961000	1
53007961302	1
53009001800	1
53011040101	0
53011040202	1
53011040810	1
53011040904	1
53011041110	0
53011041600	0
53015000502	1
53019940000	1
53021020200	1
53021020400	1
53021020601	1
53025010500	1
53027000300	1
53027001000	2
53027001100	1
53027001200	2
53027001600	1
53029970300	0
53029971400	1
53031950202	1
53033003300	1
53033008400	1
53033010800	2
53033011200	1
53033025302	1
53033025804	1
53033026100	3
53033026500	1
53033027701	2
53033028802	15
53033028902	1
53033029406	1
53033032315	1
53035092100	2
53041971100	1
53041971900	1
53045960900	1
53045961000	1
53047940200	0
53049950300	1
53051970300	2
53053061001	1
53053061900	2
53053062300	2
53053062600	1
53053063502	1
53053071403	1
53053071808	3
53053072106	1
53053072312	1
53053073119	1
53057951400	1
53057952401	1
53057952600	1
53061040100	4
53061040700	8
53061042003	1
53061050200	1
53061050401	1
53061050800	1
53061050900	1
53061051802	1
53061053506	1
53063000900	1
53063001400	1
53063001900	1
53063002000	2
53063002600	1
53063004700	1
53063010201	1
53063013201	1
53063013202	1
53065951300	3
53065951400	1
53067011623	1
53073010702	1
53077000700	1
53077001202	2
53077002001	3
53077002002	1
53077002102	5
54003971102	1
54003971202	1
54003971800	1
54011000200	2
54011001000	1
54011001300	5
54011001800	2
54011002100	2
54011010300	1
54013962600	3
54017965100	1
54019020700	0
54019020800	0
54021967700	1
54023969600	1
54029021200	1
54033030100	1
54033030602	1
54033032102	1
54035963200	1
54035963600	1
54039012200	1
54041967600	1
54043955800	1
54047953800	2
54047954000	1
54047954200	2
54047954504	2
54049020500	1
54049020700	1
54049021000	1
54049021500	1
54051020800	2
54053955102	1
54055001500	1
54055002200	1
54061010700	2
54061010800	1
54065970700	2
54067950500	1
54069000600	1
54069001700	2
54069001800	1
54069002200	1
54077964500	1
54079020200	1
54087962900	1
54097966700	1
54099005200	1
54099020900	1
54103030500	1
54105030101	2
54107000801	1
54107010701	1
54107010800	1
54109003100	1
55001950400	1
55001950501	1
55001950502	1
55005001002	2
55009002001	1
55009020600	1
55009021600	1
55015020500	1
55017011000	1
55019950200	1
55021970300	1
55025001401	1
55025001603	1
55025002100	4
55025011000	4
55029100600	1
55031030100	2
55033970100	1
55033970300	1
55033970400	1
55033970800	1
55035000100	1
55035000600	2
55035001400	3
55039040300	1
55041950300	0
55043960100	1
55043960400	1
55045960700	0
55055100800	1
55057100200	1
55057100400	4
55057100500	2
55063010202	1
55063010600	1
55069960600	1
55071000800	1
55071010100	2
55071010600	1
55079000900	1
55079001300	1
55079001800	1
55079003700	1
55079004400	13
55079004900	1
55079005900	1
55079006700	1
55079006800	2
55079008600	3
55079009100	2
55079009300	0
55079009600	1
55079012300	1
55079013500	1
55079014900	1
55079016800	2
55079017500	5
55079018800	1
55079080100	1
55079080400	1
55079100600	1
55079185100	1
55079185400	1
55079185700	1
55083101300	2
55087940000	1
55093960600	1
55095961100	3
55097960600	0
55099970100	0
55101000600	2
55101001201	1
55103970500	1
55105001400	1
55105002000	0
55105002100	0
55105002200	5
55105002300	1
55105002800	1
55111000200	1
55117000202	0
55119960400	1
55121100100	1
55121100800	1
55129950100	1
55133203704	1
55137960200	1
55139002800	0
55141010100	1
55141010200	2
55141010300	2
55141010600	1
56003962600	0
56013940100	0
56035000102	0
56041975300	0
6001401800	1
6001402600	1
6001403502	2
6001407800	2
6001408400	6
6001408700	6
6001409300	1
6001409500	1
6001409800	1
6001427200	1
6001427800	1
6001427900	2
6001435601	1
6001440304	1
6001441923	1
6001451503	1
6007000202	2
6007000402	1
6007000501	0
6007000502	1
6007000903	1
6007001100	2
6007002400	1
6009000210	1
6009000400	1
6013301000	1
6013365002	3
6013367100	1
6013368002	2
6013369002	1
6013375000	2
6013376000	1
6013379000	4
6013381000	2
6015000102	1
6015000105	1
6015000203	2
6017030402	1
6019001000	2
6019001202	1
6019002906	1
6019003003	0
6019003900	1
6019004404	1
6019005202	1
6019005904	1
6023010901	1
6029000200	1
6029002000	1
6029002600	1
6029002700	1
6029003306	1
6029005003	1
6033000701	1
6033000801	1
6037103102	0
6037111302	1
6037113235	3
6037121102	1
6037127805	1
6037197600	1
6037201200	1
6037222500	1
6037224420	1
6037231600	2
6037231720	1
6037231900	2
6037232800	2
6037234901	1
6037234902	1
6037237202	1
6037239310	1
6037241202	1
6037310601	0
6037402101	1
6037430901	1
6037460900	1
6037462400	0
6037462800	1
6037532200	1
6037532900	1
6037535200	0
6037542502	1
6037542602	1
6037543502	1
6037554002	1
6037600601	1
6037602003	1
6037603900	2
6037604100	2
6037700101	1
6037700102	1
6037900605	0
6037900701	0
6037920339	1
6039000300	2
6039000800	1
6041129000	1
6045011002	1
6047000301	1
6047001002	1
6047001601	1
6047001602	1
6047002402	1
6053000200	0
6053010101	2
6053010102	2
6053011204	1
6053011400	0
6057000600	1
6059001505	1
6059042317	1
6059062647	3
6059063102	1
6059063906	1
6059074108	1
6059074109	2
6059074802	2
6059074803	1
6059075002	1
6059087001	2
6059099227	3
6059099305	1
6059099604	1
6059099701	3
6059099703	1
6059110014	2
6059110015	1
6059110111	1
6059110304	1
6059110604	1
6061020901	1
6065030800	1
6065040402	1
6065040605	1
6065041302	0
6065041406	1
6065042209	1
6065042412	2
6065042507	1
6065042720	1
6065042732	1
6065043291	1
6065043403	2
6065043507	1
6065043900	1
6065045604	0
6065045605	1
6065045707	1
6067002000	3
6067003102	1
6067004903	1
6067004905	3
6067006800	2
6067006900	1
6067007406	1
6067007801	1
6069000400	1
6071001501	1
6071001905	1
6071002105	1
6071004003	1
6071004601	1
6071006302	1
6071007303	1
6071007305	1
6071007403	1
6071007903	1
6071008709	1
6071009904	0
6071010410	1
6071010415	1
6071011001	1
6075015700	5
6075015802	2
6075021700	1
6075047901	1
6077000900	1
6077001500	1
6077001600	0
6077002401	0
6077003106	1
6077003203	1
6077003410	1
6077003700	0
6077004001	2
6077004302	1
6077004502	6
6079011103	1
6079012502	1
6079012702	0
6081603000	1
6081606100	1
6081609800	1
6085500800	6
6085502901	1
6085503113	1
6085504317	2
6085506702	4
6085512310	1
6085512314	6
6087100300	2
6087110502	1
6087122300	1
6093000200	1
6093000500	1
6095251802	1
6095252606	1
6095252706	1
6097151309	1
6097151402	1
6097152906	1
6097153103	1
6097153300	1
6097153706	1
6097154304	1
6099000503	0
6099000805	1
6099000909	6
6099000910	6
6099001601	1
6099002402	1
6099003804	1
6101050603	1
6103000100	0
6103000300	1
6103000500	0
6103000700	1
6105000400	1
6107000201	1
6107000402	1
6107000501	1
6107001601	1
6107003002	1
6107003400	1
6107004200	1
6109005100	1
6111004506	1
6111007202	0
6111008500	0
6111008900	1
6113010102	1
6113010204	21
6115040100	1
72001956700	1
72005400502	1
72005400600	1
72013301400	1
72021031101	1
72025200303	1
72025201000	1
72031050812	1
72059740200	1
72059740300	1
72061040602	1
72061040700	1
72067820100	1
72113072101	1
72115330200	1
72127003300	1
72127010001	1
72129220300	1
72133953800	1
72137121001	1
8001008801	2
8003960300	1
8005005628	1
8005006601	1
8005080400	2
8005080700	1
8005080900	1
8005081300	1
8013013701	0
8025969600	1
8031004103	1
8041001104	1
8041002102	1
8041002900	1
8041003906	2
8041004009	1
8041005108	1
8041005300	1
8041005700	1
8041006100	0
8041006400	1
8043979000	1
8059010100	1
8059010403	7
8059011550	1
8059011721	1
8059011724	0
8067970703	1
8069001709	1
8071000100	1
8101001800	1
8105977000	2
8109977600	1
8123000100	1
9001021400	1
9001071100	1
9001072100	4
9001110100	1
9001200301	3
9001210100	6
9001210600	1
9001210701	7
9003405100	2
9003415600	0
9003415900	0
9003416000	0
9003416200	0
9003416300	2
9003471400	2
9003501200	2
9003504000	2
9003510400	1
9003514700	1
9005253300	1
9007570100	2
9007610100	0
9009125200	1
9009140600	0
9009141500	3
9009141600	3
9009142300	1
9009151100	1
9009154600	1
9009165200	1
9009165600	2
9009171500	1
9009171600	1
9009180200	1
9009345100	2
9009350200	2
9011690500	1
9011690700	1
9011690900	2
9011696200	1
9011696800	3
9011702500	1
9011702700	1
9011711100	1
9011870100	3
9011870501	1
9015800500	1
NULL	6
